id,name,type,model,description,price,length_cm,height_cm,width_cm,weight_kg,technical_specs,technical_doc,confidence_score,retries_number
01K095QZBRPAXX3SSTJ1M4H1PT,AGUILAR - DB751,Tête Basse,DB751,"L'Aguilar DB 751 est une tête d'amplificateur hybride puissante offrant 975 Watts à 2 ohms, alliant la chaleur des préamplis à tubes à la solidité des MOSFETs pour un son riche et précis. Son égaliseur actif 3 bandes avec boost/cut permet un contrôle tonal exceptionnel, idéal pour tout type de scène. Robuste et conçu pour la route, il offre une grande flexibilité et un rendu sonore professionnel.",2900,0,0,0,0,"{'Puissance de sortie': '975 W @ 2 ohms, 750 W @ 4 ohms, 400 W @ 8 ohms', 'Section préampli': 'Trois tubes 12AX7', 'Section puissance': '12 MOSFETs latéraux complémentaires', 'Transformateur': 'Transformateur toroïdal Aguilar personnalisé', 'Égaliseur': 'Pile de tonalité passive avec élément médian actif', 'Basses': '+12 / -12 dB @ 40 Hz', 'Médiums': '+12 / -12 dB @ 750 Hz', 'Aigus': '+12 / -7 dB @ 4 kHz', 'Commutateurs tonaux': 'Deep switch (+5 dB broadband boost à 30 Hz), Bright switch (+5 dB broadband boost à 5-7 kHz)', ""Boucle d'effets"": 'Send avec commutation push/pull pour niveau ligne ou instrument; Return avec commutation push/pull pour fonctionnement parallèle ou série', 'Entrée': 'Jack 1/4"" avec commutateur actif/passif', 'Sorties': '2 sorties Neutrik Speakon haut-parleur, sortie XLR symétrique Jensen avec pré/post EQ et commutateur ground lift, sortie accordeur', 'Refroidissement': 'Deux ventilateurs silencieux à vitesse thermique contrôlée', 'Taille rack': '3 unités', 'Accessoires fournis': 'Oreilles de rack détachables'}",https://aguilaramp.com/products/db751,80.0,6
01K095R1VBQ70M45T49X88ZY5P,AGUILAR  - DB750,Tête Basse,DB750,"L'Aguilar DB750 est une tête d'amplification hybride alliant un préampli tout lampe à une section de puissance MOSFET, offrant une puissance de 750 watts sous 4 ohms (975 watts sous 2 ohms). Connue pour son énorme réserve de puissance et sa grande dynamique, elle délivre un son chaleureux, sensible au toucher, avec une égalisation 3 bandes efficace, agrémentée des commutateurs Deep et Bright pour sculpter le son avec subtilité. Adaptée aux conditions rigoureuses de la scène, elle propose un circuit de protection avancé et un refroidissement silencieux, idéal pour les bassistes exigeants en quête de polyvalence et puissance.",2500,48.3,13.3,35.6,19.5,"{'Puissance': '975 W à 2 ohms, 750 W à 4 ohms, 400 W à 8 ohms', 'Section préampli': '3 lampes 12AX7 et 1 lampe 12AU7 pour un son chaleureux et dynamique', 'Section puissance': '12 transistors MOSFET latéraux complémentaires', 'Transformateur': 'Toroïdal Aguilar personnalisé', 'Égaliseur': '3 bandes avec réglages actifs et boost/cut ±15 dB pour basses, médiums et aigus', 'Contrôles EQ spécifiques': 'Basses ±12 dB à 40 Hz, médiums ±12 dB à 400 Hz, aigus ±12 dB à 4 kHz', 'Connectique': ""Entrées active et passive, deux sorties haut-parleur SpeakON, sortie XLR DI équilibrée avec transformateur Jensen (pré/post EQ, terre sélectionnable), boucle d'effets avec options d'atténuation et de mode parallèle/série, sortie tuner avec fonction mute"", 'Fonctionnalités additionnelles': ""Circuit d'autodiagnostic et protection thermique avec voyants LED, protection contre les courts-circuits, ventilateurs silencieux à contrôle thermique"", 'Options de charge': 'Fonctionne en toute sécurité avec charges de 2, 4 ou 8 ohms', 'Interrupteurs': 'Switchs Deep (+3 dB à 30 Hz) et Bright (filtre passe-haut passif vers 5-7 kHz)', 'Format': 'Taille rack trois unités'}",https://www.zikinf.com/manuels/aguilar-db-750-manuel-utilisateur-en-29042.pdf,94.93,N/A
01K095R4D6Y3JHVZ6DRM03QWJX,AGUILAR - TONE HAMMER 500,Tête Basse,TONE HAMMER 500,"Le Aguilar Tone Hammer 500 est un ampli basse léger et compact délivrant 500 watts avec une section préampli à transistors et une amplification en Classe D. Il offre un égaliseur 3 bandes précis avec un contrôle de médiums paramétrique et une fonction Drive propriétaire qui ajoute une légère saturation et du punch à l'ampli pour sculpter le son avec chaleur et dynamique. Idéal pour les bassistes nomades, il combine puissance, polyvalence tonal et portabilité dans un format très compact et robuste.",700,27.3,7.62,21.59,1.9,"{'Puissance': '500 watts @ 4 ohms, 250 watts @ 8 ohms', 'Impédance minimale': '2,67 ohms', 'Préamplificateur': 'à transistors (Solid State)', 'Amplificateur de puissance': 'Classe D', 'Alimentation': 'Alimentation à découpage (SMPS)', 'Égaliseur': {'Basses': '+/- 17 dB @ 40 Hz', 'Médiums (niveau)': '+/- 16 dB', 'Fréquence des médiums': '180 Hz – 1 kHz (balayable)', 'Aigus': '+/- 14 dB @ 4 kHz'}, 'Drive': 'Contrôle Drive entièrement ajustable avec circuit AGS (Adaptive Gain Shaping) proprietary Aguilar', ""Boucle d'effets"": 'Boucle en série, ajoute +6 dB de gain supplémentaire', 'Entrées': '1 jack 1/4"" compatible basses actives et passives, 1 entrée auxiliaire 1/8"" (V2)', 'Sorties Haut-parleur': '1 sortie Neutrik Speakon', 'Sorties DI (directes)': '2 sorties XLR symétriques avec sélection pré/post EQ et interrupteur ground lift', 'Sortie Tuner': 'Oui', 'Sortie casque': 'Oui (V2)', 'Connectique USB': 'USB-C pour chargement IR (V2)', 'Fonctions supplémentaires': ""Stockage de 3 IR préchargées, possibilité d'uploader des IR personnalisées (V2)"", 'Refroidissement': 'Deux ventilateurs silencieux à contrôle thermique', 'Dimensions (L x P x H)': '27,3 cm x 21,6 cm x 7,6 cm', 'Poids': '1,9 kg'}",https://aguilaramp.com/products/tone-hammer-500-bass-amp,89.46,3
01K095R6WMJNMDYYG6E8W33KCE,AGUILAR - AG500,Tête Basse,AG500,"L'Aguilar AG500 est un amplificateur basse compact et puissant de 500 watts, équipé d’un préampli à transistor et d’une amplification en Classe D, offrant une grande flexibilité grâce à une égalisation 4 bandes avec boost Deep et Bright pour enrichir les graves et les aigus. Il dispose de sorties XLR doubles permettant d’envoyer un signal pré-égalé simultanément vers le retour et la sono, ainsi que d’une boucle d’effets en série et d’options pour la pratique silencieuse, parfait pour les musiciens exigeants en tournée ou en studio.",1000.0,0,0,0,0,"{'Puissance': '500 watts RMS à 4 ohms, 250 watts à 8 ohms', 'Section Préamplificateur': 'Classe solide (Solid State)', 'Section Puissance': 'Classe D', 'Transformateur': 'Alimentation à découpage (Switching mode power supply - SMPS)', 'Égaliseur': {'Bass': '+/- 17 dB à 40 Hz', 'Deep': '+6 dB en dessous de 250 Hz', 'Bas Médiums': '+/- 15 dB à 300 Hz', 'Hauts Médiums': '+/- 14 dB à 800 Hz', 'Aigus': '+/- 14 dB à 4 kHz', 'Bright': '+6 dB au-dessus de 3 kHz (shelving)'}, ""Pad d'entrée"": '-10 dB sélectionnable', 'Entrées': '1 entrée instrument jack 1/4"", compatible basses actives et passives, 1 entrée auxiliaire jack 1/8""', 'Sorties': {'Haut-parleur': '1 sortie Neutrik Speakon', 'DI Équilibrée': '2 sorties XLR avec options pré/post EQ et switch ground lift', 'Tuner': 'Sortie tuner', 'Casque': 'Sortie casque'}, ""Boucle d'effets"": 'En série avec +6 dB de gain supplémentaire', 'USB': '1 port USB-C pour gestion IR de baffles', ""Gestion d'IR"": ""Stockage et chargement de 3 réponses d'impulse (IR) cabine"", 'Refroidissement': '2 ventilateurs silencieux avec contrôle thermique de la vitesse'}",https://aguilaramp.com/products/ag500,80.0,6
01K095R9EQ1Y71E1W37W1743PH,AMPEG - SVT CLASSIC,Tête Basse,SVT CLASSIC,"L'Ampeg SVT Classic est une tête d'ampli basse à lampes délivrant 300 watts de puissance dynamique avec un son riche en harmoniques, reconnu pour sa fiabilité et sa flexibilité tonale. Il offre un égaliseur 3 bandes avec contrôle paramétrique sur 5 positions pour les médiums, des boosts Ultra Low et Ultra High, ainsi qu'une large palette sonore fidèle à la légendaire sonorité Ampeg des années 60-70. Son circuit entièrement à lampes utilisant six tubes 6550 assure profondeur, puissance et chaleur incomparable.",2700,61.0,29.0,33.0,36.3,"{'Puissance de sortie RMS': '300 W continus à <3% THD', 'Impédance': '2 ou 4 ohms', 'Rapport signal sur bruit': '80 dB (20 Hz–20 kHz, sans pondération)', 'Gain maximum': '67 dB @ 1 kHz', 'Réponse en fréquence de coupure': '-3 dB @ 40 Hz et 15 kHz', 'Contrôles de tonalité': {'Basses': '±12 dB @ 40 Hz', 'Médiums': '+10/-20 dB @ 220, 450, 800, 1600 ou 3000 Hz (sélecteur 5 positions)', 'Aigus': '+15/-20 dB @ 4 kHz'}, 'Boosts Ultra Low / Ultra High': {'Ultra Low': '+2 dB @ 40 Hz, -10 dB @ 500 Hz', 'Ultra High': '+9 dB @ 8 kHz'}, 'Entrées': 'Entrée normale et entrée atténuée (-15 dB) pour basses actives', 'Sorties': 'Sortie DI équilibrée avec transformateur, sortie préampli, entrée ampli de puissance, sortie esclave', 'Sections à tubes': {'Préamplification': '3 tubes 12AX7, 2 tubes 12AU7', 'Amplification de puissance': '6 tubes 6550'}, 'Fonctions supplémentaires': 'Réglage manuel du bias, circuit de protection des tubes, mode auto-fault', 'Connectique': 'Jack 1/4"" pour sorties haut-parleur avec sélecteur d\'impédance 2/4 ohms, sortie DI XLR équilibrée', 'Alimentation': '10 A Slo Blo, 120 VAC, 50-60 Hz, 460 W', 'Poids': '80 lbs (environ 36,3 kg)'}",https://ampeg.com/pdf/SVTCL_OM.pdf,97.87,N/A
01K095RBZ0A46K2C5QAVFHXGFJ,AMPEG - SVT VR,Tête Basse,SVT VR,"L'Ampeg SVT-VR est une tête d’ampli basse à lampes délivrant 300 watts avec deux canaux indépendants, offrant à la fois des entrées normales et bright, des commandes de tonalité complètes (3 bandes sur le canal 1, 2 bandes sur le canal 2), ainsi que des switches Ultra-Hi, Ultra-Lo et Bass Cut pour un réglage précis du son. Conçue comme une réédition vintage, elle utilise six tubes 6550 pour un son puissant, chaud et emblématique, parfait pour le studio ou la scène.",2400,0,0,0,0,"{'Puissance de sortie': '300 watts RMS à 2 ou 4 ohms', 'Type de préampli': 'Tube (3 x 12AX7, 2 x 12AU7)', ""Type d'amplificateur de puissance"": 'Tube (6 x 6550)', 'Nombre de canaux': '2 canaux indépendants avec entrées Normal et Bright', 'Contrôles canal 1': 'Volume, aiguës (+/-12 dB @ 4 kHz), médiums (+/-20 dB avec switch 3 positions 220 Hz, 800 Hz, 3 kHz), graves (+/-12 dB @ 40 Hz), switch Ultra Hi (+15 dB @ 8 kHz), Ultra Lo (-20 dB @ 600 Hz), Bass Cut (-20 dB @ 40 Hz)', 'Contrôles canal 2': 'Volume, aiguës (+/-12 dB @ 4 kHz), graves (+/-12 dB @ 40 Hz), switch Ultra Hi (+15 dB @ 8 kHz), Ultra Lo (+11 dB relatif @ 40 Hz)', 'Rapport signal sur bruit': '75 dB typique pour chaque canal', 'Gain total': '66 dB pour canal 1, 59 dB pour canal 2 (@1 kHz volume max, tonalités plates)', 'Sorties': 'Neutrik Speakon® et jack 1/4"", sortie ligne symétrique avec transformateur, préampli out / power amp in', ""Tension d'alimentation"": '~100 – 120 V AC, 50–60 Hz, 400 W', 'Dimensions et poids': '24 x 11.5 x 12.75 pouces, environ 38.5 kg'}",https://ampeg.com/pdf/SVTVR_OM.pdf,80.0,6
01K095REGSESBTEVGWBT38FRXH,AMPEG - AMPEG SVT VR 50TH ANNIVERSARY,Tête Basse,AMPEG SVT VR 50TH ANNIVERSARY,"Ampeg SVT VR 50th Anniversary : ampli tête 300 W légendaire, deux canaux inspirés des classiques 1969 et années 70, électronique sur tubes 6550, son massif et puissant, idéal pour les grosses scènes et les bassistes exigeants.",3500,61.0,29.0,33.0,36.3,"{'Puissance': '300 W RMS', 'Impédance': '2 et 4 ohms', 'Réponse en fréquence': '20 Hz - 20 kHz', 'Connectique': ['Entrée jack 6,3 mm', 'Sortie HP Speakon', 'Sortie HP jack', 'Sortie DI XLR', 'Entrée preamp', 'Sortie slave', 'Entrée power amp'], 'Tubes préampli': '6 x 12AX7, 2 x 12AU7', 'Tubes de puissance': '6 x 6550', 'Canal 1': '3 bandes + Ultra Hi / Ultra Lo', 'Canal 2': '2 bandes + Ultra Hi / Ultra Lo', 'Réglages midrange': '220 Hz, 450 Hz, 800 Hz, 1600 Hz, 3000 Hz'}",https://ampeg.com/products/heritage/svt-50thAnniversary/files/Ampeg_50thAnnivSVT_Amp_OM_RevB_English.pdf,97.97,5
01K095RH23TN523TPSK106BH5B,AMPEG  - SVT CLASSIC HERITAGE,Tête Basse,SVT CLASSIC HERITAGE,"L'Ampeg Heritage SVT-CL est une tête d'amplification basse à lampes de 300 watts fabriquée aux États-Unis, reconnue pour son son Ampeg classique et puissant. Elle dispose d'un égaliseur 3 bandes avec un sélecteur de médiums à 5 positions, offrant une grande précision de réglage tonal, ainsi que des commutateurs Ultra Hi/Lo pour modeler les extrêmes du spectre. Cet amplificateur est apprécié pour sa richesse sonore, sa polyvalence et sa robustesse, parfait pour les concerts et les enregistrements professionnels.",3700,0,0,0,0,"{'Puissance': '300W RMS', 'Impédance': '2 ou 4 Ohms', 'Réponse en fréquence': '40 Hz - 15 kHz (-3 dB)', 'Rapport signal sur bruit': '80 dB (20 Hz–20 kHz)', 'Gain maximum': '67 dB @ 1 kHz', 'Connectique': 'Sortie transformateur équilibrée, Preamp Out, Power Amp In, sorties HP Speakon et 1/4""', 'Tubes de préampli': '2 x 12AX7', 'Tubes de puissance': '6 x 6550', 'Tubes de driver': '1 x 12AX7, 2 x 12AU7', 'Contrôles de tonalité': 'Bass: +12/–12 dB @ 40 Hz, Midrange: +10/–20 dB @ 220 Hz, 450 Hz, 800 Hz, 1,6 kHz ou 3 kHz, Treble: +15/–20 dB @ 4 kHz, Ultra Lo: +2 dB @ 40 Hz, -10 dB @ 500 Hz, Ultra Hi: +9 dB @ 8 kHz'}",https://ampeg.com/pdf/HeritageSVTCL_OM.pdf,80.0,6
01K095RKM2JZ70H523F7QS0NHV,AMPEG - SVT VINTAGE,Tête Basse,SVT VINTAGE,"L'Ampeg SVT Vintage est un amplificateur basse à lampes emblématique, produisant 300 watts RMS avec une double canalisation offrant deux voix classiques des années 1969 et 1970. Il combine un son authentique vintage fidèle aux premiers modèles, avec une fabrication artisanale américaine et des composants haut de gamme, idéal pour les bassistes recherchant chaleur, puissance et polyvalence sonore. Son design intègre des commandes de tonalité précises avec basses, médiums sélectionnables, aigus et des options Ultra Lo/Hi pour sculpter le son.",3500,61.0,29.2,32.4,38.6,"{'Puissance de sortie': '300 W RMS continu minimum @ <5% THD en 2 ou 4 Ohms', 'Tubes préamplis': '5 x 12AX7', 'Tubes driver': '1 x 12AX7, 2 x 12AU7', 'Tubes de puissance': '6 x 6550 Ampeg Super Valve', 'Rapport signal/bruit': '75 dB (20 Hz – 20 kHz)', 'Gain maximum': '78 dB @ 1 kHz –3 dB @ 20 Hz & 15 kHz', 'Contrôles de tonalité': {'Canal 1 (1969 Blue Line)': {'Bass': '+12/-12 dB @ 40 Hz', 'Midrange': '+10/-20 dB @ 220 Hz, 450 Hz, 800 Hz, 1.6 kHz, 3 kHz (sélecteur de fréquence)', 'Treble': '+15/-20 dB @ 4 kHz', 'Ultra Lo': '+2 dB @ 40 Hz, -10 dB @ 500 Hz', 'Ultra Hi': '+9 dB @ 8 kHz'}, 'Canal 2 (mid-70’s Magnavox)': {'Bass': '+12/-12 dB @ 40 Hz', 'Treble': '+15/-20 dB @ 4 kHz', 'Ultra Lo': 'relatif +11 dB @ 40 Hz', 'Ultra Hi': '+9 dB @ 8 kHz'}}, 'Impédance': '2 ou 4 Ohms', 'Connectique': ['Sorties speakON', 'Sortie DI XLR améliorée', 'Entrées instrument multiple par canal'], 'Alimentation': '100–120 VAC / 50–60 Hz (domestique), 200–240 VAC / 50–60 Hz (export), 400W', 'Poids approximatif': '38.6 kg'}",https://ampeg.com/products/heritage/svt-50thAnniversary/files/Ampeg_50thAnnivSVT_Amp_OM_RevB_English.pdf,98.01,N/A
01K095SFMDT2TCEW37K96RGEVM,EBS  - TD650,Tête Basse,TD650,"L’amplificateur EBS TD650 est un modèle hybride puissant de 650 watts, combinant préamplificateur à lampe et à transistor pour offrir une grande flexibilité sonore. Il propose un égaliseur 3 bandes avec médiums ajustables, un filtre notch, un compresseur, un filtre bright et une section de distorsion overdrive pure, permettant d’obtenir des sons allant du clair au saturé avec précision et richesse. Sa conception intègre également un système unique de suspension de la lampe pour une meilleure résistance aux vibrations. Ce modèle est apprécié pour sa qualité professionnelle et sa capacité à délivrer des tonalités variées adaptées aux bassistes exigeants.",2200,48.0,13.0,36.0,12.0,"{'Puissance': '650 W RMS', 'Impédance de sortie': '2 Ohms', 'Technologie': 'Hybride tube/solid state', 'Contrôle Drive': 'Commutable Tube/solid state', 'Égaliseur': '3 bandes avec médium balayable, filtre en notch', 'Compresseur': 'Intégré', 'Filtre Clair': 'Bright filter', 'Section Overdrive': 'Pure overdrive intégrée', ""Boucle d'effets"": 'Série et parallèle', 'Système de suspension': 'Suspension unique du tube', 'Protection Secteur': 'Fusible T5A (230V), T10A (100/120V)'}",http://media1.ebssweden.com/2016/05/TD650MM_EN.pdf,94.59,2
01K095RP5TZJXZ97J6K9RH91VP,AMPEG  - V-4B,Tête Basse,V-4B,"L'Ampeg V-4B est une tête d'ampli basse 100 watts entièrement à lampes offrant un son vintage chaleureux et organique avec un caractère tube distinctif. Il intègre un égaliseur 3 bandes avec sélection midrange à trois fréquences, des boost ultra haut/bas, et plusieurs sorties enceintes pour une flexibilité maximale, tout en restant plus léger qu'un SVT classique. Parfait pour les bassistes recherchant un son Ampeg authentique et dynamique avec une bonne polyvalence en scène.",3500,61.0,28.0,28.0,18.6,"{'Puissance': '100 W RMS', 'Réponse en fréquence': '14 Hz - 15 kHz (-3 dB)', 'Impédance de sortie': '1 x 8 ohms, 2 x 4 ohms, 2 x 2 ohms', 'Connectique': ['Entrée -15 dB', 'Entrée 0 dB', 'Sortie directe équilibrée', 'Préampli out / Puissance in', 'Sortie slave'], 'Tubes': {'Préampli': '2 x 12AX7', 'Pilotage': '1 x 12AX7, 1 x 12AU7', 'Puissance': '4 x 6L6GC'}, 'Égalisation': {'Bass': '+13 / -12 dB @ 40 Hz', 'Midrange': '+11 / -21 dB @ 220 Hz, 800 Hz, 3 kHz', 'Treble': '+14 / -17 dB @ 4 kHz', 'Ultra Lo': '+2 dB @ 40 Hz, -11 dB @ 500 Hz', 'Ultra Hi': '+7 dB @ 8 kHz'}, 'Rapport signal/bruit': '80 dB @ 1 kHz (20 Hz–20 kHz, non pondéré)', 'Gain maximum': '64 dB @ 1 kHz, correcteurs centrés'}",https://ampeg.com/data/6/0a020a41e58d5e0b91edd46ce/application/pdf/Owner%E2%80%99s%20Manual%20-%20English%20.pdf,95.98,N/A
01K095RRRRYE35FAV7W38NCBMS,AMPEG  - SVTII,Tête Basse,SVTII,"L'Ampeg SVT-II est une tête d'amplificateur basse à tubes, délivrant 300 watts RMS avec six tubes 6550 en puissance. Reconnu pour son son classique Ampeg riche et puissant, il offre une grande polyvalence grâce à un égaliseur graphique 9 bandes, un contrôle de médiums 5 positions, des commutateurs Ultra Low et Ultra High pour des ajustements précis, ainsi qu'un circuit de protection des tubes. Adapté aux grandes scènes, il combine fiabilité et tonalité dynamique très appréciée des professionnels.",3500,48.3,18.7,40.0,38.5,"{'Puissance de sortie': '300 W RMS à 2 et 4 Ohms', 'Type de tubes préamplificateurs': 'Quatre 12AX7, un 12AU7', 'Type de tubes driver': 'Un 12AX7, deux 12AU7', 'Type de tubes de puissance': 'Six 6550', 'Égalisation': '3 bandes de contrôle de tonalité + 5 bandes de réglage des médiums + égaliseur graphique 9 bandes', ""Fonctions d'égalisation particulières"": 'Boost ultra-bas (+3 dB à 40Hz), atténuation à 500Hz (-12 dB), boost ultra-haut (+8 dB à 8 kHz), boost bright (+7 dB à 2 kHz)', 'Sorties': ""Sortie ligne symétrique XLR, sortie preamp, entrée power amp, boucle d'effets, sortie esclavage"", 'Contrôles additionnels': ""Contrôle Tube Drive, sélecteur de 5 positions pour les médiums, inverseur ultra-bas et ultra-haut, pad d'entrée, switch bright, mute, sortie tuner"", 'Protection et fiabilité': 'Circuit de protection tubes, relais avec temporisation pour allumage, auto-resetting thermistor, ventilateur haute capacité, transformateurs surdimensionnés', 'Rapport signal/bruit': '80 dB typique', 'Gain total': '76 dB @1kHz avec niveaux au maximum et tonalités plates', 'Réponse en fréquence': '-3 dB à 30 Hz et 15 kHz', 'Dimensions rack': '19"" x 3.75"" x 15.75"" (Largeur x Hauteur x Profondeur)', 'Poids': '34 kg', 'Alimentation': '120 V AC, 60 Hz, 460 VA (des versions export existent pour 100/115/230 V, 50/60 Hz)'}",https://ampeg.com/pdf/SVT-II300.pdf,97.64,N/A
01K095RV9EDBX79HYAFWPCBHN5,AMPEG  - SVT-2 PRO,Tête Basse,SVT-2 PRO,"L'Ampeg SVT-2 PRO est un amplificateur de basse à lampes délivrant 300 watts RMS avec un son chaud et puissant, équipé d’un égaliseur graphique 9 bandes, d’un contrôle de médiums à 5 positions, et de fonctions pratiques comme le mute et l'input pad, pour une grande flexibilité tonale et un réglage précis. Ce modèle allie la légendaire richesse harmonique des SVT classiques à des améliorations modernes adaptées aux scènes professionnelles et tournées.",1299,48.3,18.7,40.0,31.75,"{'Puissance RMS': '300 W sous 2 ou 4 Ohms', 'Tubes préamplificateurs': '5 x 12AX7, 3 x 12AU7', 'Tubes amplification': '6 x 6550', 'Égaliseur tonalité': '3 bandes (Basse, Médium, Aigu)', 'Contrôle médiums': '5 positions (fréquences sélectionnables : 220, 450, 800, 1600, 3000 Hz)', 'Égaliseur graphique': '9 bandes, ±12 dB aux fréquences 40Hz, 90Hz, 180Hz, 300Hz, 500Hz, 1kHz, 2kHz, 4kHz, 10kHz, niveau ajustable +8/-10 dB', 'Boosts ultrabasses et ultrahautes': 'Oui (Ultra Low +3dB@40Hz / Ultra High +8dB@8kHz)', 'Autres filtres tonaux spéciaux': 'Bright +7dB @ 2kHz', 'Rapport signal/bruit': '80 dB typique', 'Connectique': 'Sortie ligne symétrique XLR, sortie ligne asymétrique 1/4"" avec contrôle de niveau et pré/post EQ, sortie preamp, entrée power amp, boucle d\'effets, tuner out, jack footswitch', 'Fonctions supplémentaires': ""Switch atténuateur d'entrée, mute, footswitch on/off pour EQ graphique et mute, bias tube réglable, protection tubes, indicateur pic entrée"", 'Dimensions et poids': '3 unités rack, 19""(L) x 7.375""(H) x 15.75""(P) ; 31,8 kg'}",https://ampeg.com/pdf/SVT-2PRO.PDF,97.68,3
01K095RXV9DGS3DYC22ECWPYAK,AMPEG  - SVT-3 PRO,Tête Basse,SVT-3 PRO,"L’Ampeg SVT-3 PRO est une tête d’ampli basse hybride de 450 watts combinant la chaleur des préamplis à lampes avec la puissance d’une section de puissance à transistors. Il se distingue par un contrôle de médiums à cinq positions offrant cinq fréquences centrales distinctes, une égalisation graphique 9 bandes pour un réglage précis du son, ainsi qu’un contrôle de saturation tubulaire pour modeler la tonalité. Compact et polyvalent, il est idéal pour les bassistes recherchant un son classique Ampeg avec une grande flexibilité de réglage.",1400,48.3,10.2,48.3,11.8,"{'Puissance de sortie RMS (8 ohms)': '275 W', 'Puissance de sortie RMS (4 ohms)': '450 W', ""Type d'amplification"": 'Préampli à tubes (3 x 12AX7), tubes driver (1 x 12AX7, 1 x 12AU7), amplificateur de puissance à transistors (solid-state)', 'Contrôles de tonalité': 'Contrôle des graves, médiums et aigus 3 bandes', 'Contrôle des médiums': '5 positions de fréquence centrale sélectionnable (220 Hz, 450 Hz, 800 Hz, 1.6 kHz, 3 kHz)', 'Égaliseur graphique': '9 bandes, ±10 dB', 'Boosts Ultra Low/High': 'Oui, boost Ultra Hi +6 dB @ 5 kHz, boost Ultra Lo +2 dB @ 40-50 Hz', 'Rapport signal/bruit': '80 dB (20 Hz–30 kHz, 1% THD+N)', 'Entrées': '1 x jack 1/4"" (instrument), 1 x jack 1/4"" (power amp)', 'Sorties': '1 x speakON, 2 x jack 1/4"" (haut-parleur), 1 x XLR DI équilibré (pré/post avec ground lift et réglage de niveau), tuner out', ""Boucle d'effets"": 'Oui', 'Sortie préampli / entrée amplificateur de puissance': 'Oui', 'Autres commandes': 'Tube Drive Control, Input Pad, Bright Switch, Mute Switch, Input Peak LED', 'Consommation électrique': '~390 W', 'Plage de réglage des graves': '±12 dB @ 50 Hz', 'Plage de réglage des médiums': '±15 dB aux fréquences sélectionnables', 'Plage de réglage des aigus': '+14 / –19 dB @ 5 kHz'}",https://ampeg.com/pdf/SVT-3PRO_OM.pdf,94.49,N/A
01K095S0BJTNRQRT1RAG22PF38,AMPEG - SVT-4 PRO,Tête Basse,SVT-4 PRO,"L’Ampeg SVT-4 PRO est une tête d’amplification hybride puissante et polyvalente, délivrant jusqu’à 1200 watts en mode mono-bridge et 600 watts par canal en stéréo. Elle combine trois tubes 12AX7 en préampli pour une richesse sonore typique Ampeg avec une amplification en état solide, offrant un son chaud et puissant. Son égaliseur graphique 9 bandes, son contrôle de fréquence médium à 5 positions et ses options de boost ultra grave et aigu permettent une grande flexibilité pour sculpter le son. Ses doubles amplis séparés, sorties équilibrées et boucles d'effets multiples font de ce modèle un choix professionnel pour toutes configurations de scène et studio. Cette conception 3U en rack inclut aussi un compresseur variable et des limiteurs optocoupleurs désactivables pour une dynamique parfaitement maîtrisée. Son design robuste et ses nombreuses possibilités de routage en font un amplificateur complet et moderne, au service du son classique Ampeg.",1200,48.3,18.7,40.0,19.0,"{'Puissance RMS (8 Ohms Mono Bridgé)': '900 W', 'Puissance RMS (4 Ohms Mono Bridgé)': '1200 W', 'Puissance RMS (2 Ohms Par Canal)': '600 W x 2', ""Type d'amplification"": 'Préampli à tubes (3 x 12AX7), Amplificateur de puissance à transistors (hybride)', 'Égaliseur': 'Égaliseur graphique 9 bandes avec réglage de niveau indépendant', 'Égaliseur tonale': 'Égaliseur 3 bandes avec contrôle des mediums à 5 positions', 'Contrôles de boost': 'Boost Ultra Low (+2 dB à 50 Hz, coupure -12 dB à 560 Hz) et Ultra High (+6 dB à 5 kHz)', 'Compression': 'Compresseur variable, ratio 0 - 7:1', 'Fréquence de coupure du crossover': 'Contrôle variable du crossover interne 24 dB/octave (fonction bi-amp)', 'Sorties': '2 sorties ligne symétriques XLR (transformateur), 2 sorties ligne asym/pas asym 1/4"", 2 sorties haut-parleur 1/4"" TS ou Speakon', 'Connectique': 'Entrées 1/4"" TS avec pad -15 dB, sorties 1/4"" TS et Speakon, 2 boucles d\'effets, sorties préampli et ampli de puissance', ""Indicateur de niveau d'entrée"": 'LED peak Input', 'Fonctions additionnelles': ""Switch Bright (+6 dB à 2 kHz), footswitch pour bypass d'effets et égaliseur, réglage de fréquence centrale mediums (5 positions)"", 'Rapport signal/bruit': '85 dB', 'Gain maximum': '68 dB @ 1 kHz, tonalités centrées', 'Limiteurs': 'Optocoupleur débrayable'}",https://ampeg.com/pdf/SVT4PRO_OM.pdf,96.3,2
01K095S2X9K4X60CCHYGHM5Q60,AMPEG  - SVT-6 PRO,Tête Basse,SVT-6 PRO,"L'Ampeg SVT-6 PRO est une tête d'amplification hybride puissante combinant un préampli à lampes (6 tubes) avec un amplificateur de puissance MOSFET délivrant jusqu'à 1100 watts sous 4 ohms. Elle offre un excellent contrôle tonal grâce à un égaliseur semi-paramétrique 4 bandes avec une plage de réglage de ±18 dB, permettant un modelage précis du son. Équipée d’une compression d'entrée intégrée et d’un contrôle de la tension des tubes pour varier le caractère tonal, elle intègre aussi une boucle d'effets et une sortie symétrique. Ce modèle est reconnu pour son son riche en harmoniques, sa clarté et sa flexibilité, parfait pour les bassistes exigeants à la recherche d’une puissance sonore et d’une polyvalence avancées.",1500,48.3,10.2,38.1,18.6,"{'Puissance RMS à 4 Ohms': '1100 W', 'Puissance RMS à 8 Ohms': '750 W', ""Type d'ampli"": 'Tête hybride avec préampli à tubes et ampli de puissance MOSFET', 'Tube du préampli et driver': '4 x 12AX7, 2 x 12AU7', 'Égaliseur': 'Égaliseur semi-paramétrique 4 bandes avec +/-18 dB par bande', 'Plage des fréquences EQ semi-paramétrique': {'Basse': '30 Hz - 150 Hz', 'Bas médium': '150 Hz - 600 Hz', 'Haut médium': '600 Hz - 1 kHz', 'Aigu': '1 kHz - 6 kHz'}, 'Boost Bright switch': '+6 dB @ 2 kHz', 'Compression': ""Compression d'entrée avec ratio 4:1"", 'Sorties': 'Sorties Jack 1/4"" et Speakon®', 'Sortie ligne': 'Sortie ligne symétrique avec transformateur', ""Boucle d'effets"": 'Oui', 'Contrôle de la tension des tubes': 'Permet de modifier la sonorité en ajustant la tension entre 100 et 300 V', 'Protection': 'Limitation de courant et disjoncteur réarmable', 'Alimentation': '120 VAC 60 Hz / 100/115 VAC 50/60 Hz / 230 VAC 50/60 Hz, 1000 VA', 'Ventilation': 'Ventilateur à vitesse variable'}",https://ampeg.com/data/6/0a020a3f574465fb4d545c706/application/pdf/,95.51,3
01K095S5D8C18PVBQ2CCTNBBTA,AMPEG  - SVT-7 PRO,Tête Basse,SVT-7 PRO,"Tête d’ampli Ampeg SVT-7 PRO : 1000 watts de puissance brute dans un format ultra compact et léger, idéale pour les grosses scènes comme les petites salles.",1800,39.6,10.2,29.2,7.0,"{'Puissance RMS': '1000 watts @ 4 ohms, 600 watts @ 8 ohms', 'Préamplificateur': 'Tube (1 x JJ 12AX7)', 'Amplificateur de puissance': 'Classe D (à état solide)', 'Contrôles tonaux': 'Graves, médiums, aigus', 'Contrôle de médiums': '5 positions avec fréquences sélectionnables (220 Hz, 450 Hz, 800 Hz, 1.6 kHz, 3 kHz)', 'Boosts': 'Ultra Lo et Ultra Hi (commutateurs)', 'Compresseur': ""Optique variable embarqué, ratio ajustable jusqu'à 10:1"", 'Entrée': '-15 dB pad sélectionnable', 'Sorties': 'XLR direct (tube équilibré), casque, tuner, 2 sorties combo Speakon/Jack 1/4""', ""Boucle d'effets"": 'Boucle Send et Return séparés, contrôle FX Mix pour mix dry/wet', 'Entrée auxiliaire': 'Stéréo RCA', 'Alimentation': 'Alimentation à découpage', 'Caractéristiques supplémentaires': 'Double fonction mute/peak LED, jack footswitch, oreilles rack amovibles (sur versions neuves)', 'Réponse en fréquence': 'Contrôle de graves à 40 Hz (±12 dB), médiums réglables +10/-20 dB, aigus non spécifié', 'Compression': 'Réduit la dynamique, augmente la sustain, son transparent'}",https://ampeg.com/data/6/0a020a3f13a3f5e0b9b5bf2212/application/pdf/Owner%E2%80%99s%20Manual%20-%20English%20.pdf,92.93,3
01K095S7YV9KY3S11RSVTDKBMH,AMPEG  - PF-350 PORTAFLEX,Tête Basse,PF-350 PORTAFLEX,"L'Ampeg PF-350 Portaflex est une tête d'ampli basse compacte délivrant 350W avec un préampli à transistors et un ampli de puissance en classe D. Équipé de contrôles simples (grave, médium, aigu), d'un limiteur intégré, d'une boucle d'effets et d'une sortie directe symétrique, il assure un son légendaire Ampeg tout en offrant une grande flexibilité pour la scène et la pratique, notamment grâce à sa sortie casque/auxiliaire. Il se combine parfaitement avec les hauts-parleurs Portaflex pour un look vintage et une portabilité optimisée.",900,0,0,0,0,"{'Puissance de sortie': '350 W RMS à 4 Ω, 250 W RMS à 8 Ω (5% THD)', 'Type de préampli': 'Semi-conducteur (solid-state)', ""Type d'amplificateur de puissance"": 'Classe D', 'Contrôles de tonalité': '3 bandes : basses (+14/-12 dB @ 40 Hz), médiums (+5/-13 dB @ 500 Hz), aigus (+19/-25 dB @ 8 kHz)', 'Limiteur': 'Intégré, avec sélection et indicateur LED', 'Sortie équilibrée': 'Sortie direct XLR équilibrée', ""Boucle d'effets"": 'Présente, avec jacks Send et Return séparés', 'Entrée casque / Auxiliaire': 'Jack 1/8"" pour casque et entrée auxiliaire stéréo', ""Atténuateur d'entrée"": '-15 dB (entrée pad)', 'Connectique haut-parleur': 'Sortie haut-parleur Speakon et jack 1/4""', 'Alimentation': 'Alimentation à découpage avec sélecteur de tension (100–120 VAC ou 200-240 VAC)', 'Autres fonctionnalités': 'Indicateur Peak LED, commutateur Ultra Lo et Ultra Hi, sortie accordeur, jacks Preamp Out et Power Amp In, jack footswitch', 'Rapport signal/bruit': '75 dB (20 Hz–20 kHz, non pondéré)', 'Gain maximal': '64 dB (contrôles de tonalité centrés)', 'Consommation électrique': '100 W', 'Refroidissement': 'Ventilateur intégré'}",https://ampeg.com/pdf/PF_heads_OM.pdf,80.0,6
01K095SAGA62KW1FP70VGG33ZH,ASHDOWN - EVO900,Tête Basse,EVO900,"L'Ashdown ABM 900 EVO est une tête d'amplificateur basse puissante avec une sortie stéréo de 2 x 575 watts, offrant un son riche grâce à un préampli hybride combinant lampes 12AX7 et composants à transistors. Elle dispose d'un égaliseur paramétrique à 7 bandes, d'un générateur de sous-harmoniques pour renforcer les basses fréquences, et de deux canaux indépendants, idéale pour les scènes exigeantes et une grande polyvalence sonore.",1100,66.0,20.3,38.1,28.0,"{'Puissance de sortie': '2 x 575 W RMS (stéréo), 900 W en mono ponté', 'Réponse en fréquence': '-3 dB à 17 Hz et 30 kHz', ""Impédance d'entrée haute"": ""3,9 MΩ, plage d'entrée 150 mV - 20 V p-p"", ""Impédance d'entrée basse"": ""10 kΩ, plage d'entrée 300 mV - 40 V p-p"", 'Impédance entrée ligne stéréo': '22 kΩ, niveau nominal 0 dBu', 'Impédance retour effets': '22 kΩ, niveau nominal 0 dBu', 'Sortie tuner': '22 kΩ, niveau nominal 0 dBu', 'Sortie sub': '1 kΩ, niveau nominal 0 dBu', 'Sortie DI': '600 Ω équilibrée, niveau nominal 0 dBu', 'Sorties haut-parleurs': 'Impédance minimale 4 Ω', 'Égalisation': '7 bandes avec filtres shape push flat (+8 dB @ 50 Hz et 4 kHz, -8 dB @ 400 Hz), sliders ±15 dB à 45 Hz, 110 Hz, 340 Hz, 660 Hz, 1,3 kHz, 2,6 kHz et 7 kHz', 'Préamplificateur': 'Hybride à lampes (12AX7) et transistors', 'Fonctions supplémentaires': ""Générateur de sous-harmoniques réglable, boucle d'effets, sortie DI pré/post égalisation, sorties tuner et sub, mode switchable actif/passif"", 'Alimentation': '230/115 V'}",https://www.scribd.com/document/77522517/Ashdown-ABM-EVO-II-MANUAL,97.97,2
01K095SD1EE95NRWT805RCF14J,EBS  - TD660,Tête Basse,TD660,"Le EBS TD660 est une tête d’ampli basse hybride de 660W RMS qui combine la chaleur naturelle et la compression d’un préampli à lampe avec la puissance et la fiabilité d’une section finale à transistors. Son égaliseur 4 bandes et son filtre caractéristique permettent une tonalité mid-scooped polyvalente, tandis que ses contrôles de drive, compression et volume offrent un large éventail de sons, du clair au saturé. Il dispose également d’une sortie XLR symétrique avec simulation de haut-parleur pour la scène ou le studio, ce qui en fait un ampli puissant, flexible et précis, adapté aux musiciens exigeants.",1400,0,0,0,0,"{'Réponse en fréquence': '35 Hz - 20000 Hz', 'Impédance de sortie': '2 - 8 ohms', 'Puissance continue': '540 W RMS', 'Puissance dynamique': '660 W RMS @ 2 ohms', ""Impédance d'entrée"": '1 Mohms', 'Connectique': ['Entrée jack 6,35 mm', 'Sortie XLR équilibrée', 'Sortie ligne', 'Sortie casque', 'Sortie vers un second ampli', 'Entrées pour footswitch', ""Boucle d'effets""], 'Type de préampli': 'Analogique', 'Type de puissance': 'Classe D', 'Type de drive': 'Solid State ou Tube (ECC 83)', 'Plage de gain du drive': '0 - 34 dB', 'Compresseur intégré': 'Oui', 'Ratio max du compresseur': '3:1', 'Télécommande possible': 'Oui (fonctions Drive, Character, Filter, Mute)'}",https://media1.ebssweden.com/2016/05/TD660.pdf,80.0,6
01K095SJ73F4FCKX673W0058P3,EBS - TD600 FAFNER,Tête Basse,TD600 FAFNER,"Le EBS Fafner TD600 est une tête d'amplification basse puissante et polyvalente, conçue avec une section préampli à lampe ECC83 offrant un son chaleureux, combinée à un amplificateur de puissance MOS-FET délivrant jusqu'à 600 W sous 2 ohms. Il propose un égaliseur paramétrique complet avec commandes fines, un compresseur intégré et un système de refroidissement actif, permettant un contrôle précis du son et une grande robustesse pour la scène. Ce modèle suédois très apprécié allie puissance, flexibilité et qualité sonore haut de gamme.",2500,0,0,0,0,"{'Puissance de sortie continue': '360 W RMS @ 4 ohms, 500 W RMS @ 2 ohms', 'Puissance de sortie dynamique': '440 W RMS @ 4 ohms, 620 W RMS @ 2 ohms', 'Impédance de charge': '2 à 8 ohms', ""Impédance d'entrée"": '1 MΩ // 100 pF', 'Réponse en fréquence': '35 Hz - 20 000 Hz', 'Section tube': 'Préampli à lampe ECC83 (12AX7 européenne)', 'Gain section tube': '-0 à +34 dB', 'Compression': 'Rapport maximum 3:1', 'Contrôles de tonalité': 'Basse ±15 dB, médiums ajustables en fréquence et Q', 'Sorties': 'Line out (impédance 5 kΩ), Tuner out (impédance 100 Ω)', 'Consommation': ""Jusqu'à 600 W max"", 'Système de refroidissement': 'Ventilateur actif à température régulée'}",https://images.thomann.de/pics/atg/atgdata/document/manual/161596_fafnertd.pdf,80.0,6
01K095SMS3SYRAKD8H32483S5J,EBS - CLASSIC 500,Tête Basse,CLASSIC 500,"L'EBS Classic 500 est un ampli basse robuste et moderne, offrant une puissance de 500 W sous 2 ohms avec une section EQ précise incluant deux contrôles médiums et une fonction Drive boostée pour sculpter le son, tout en conservant un look classique. Il propose aussi une sortie XLR équilibrée flottante et une construction solide avec housse incluse.",500,0,0,0,0,"{""Impédance d'entrée"": '1 MΩ', 'Plage de gain': '-∞ à +28 dB', 'Réponse en fréquence': '35 Hz - 20 kHz', 'Filtre caractère': {'Type': 'Shelving High/Low Pass', 'Gain': '+6 dB @ 75 Hz, -2.5 dB @ 800 Hz, +3 dB @ 9 kHz'}, 'Contrôles de tonalité': {'Basses': 'Shelving +/- 15 dB @ 100 Hz', 'Bas médium': 'Sélectable de 150 à 900 Hz +/- 15 dB, Q=0.9', 'Haut médium': 'Sélectable de 1.2 à 7 kHz +/- 15 dB, Q=1.1', 'Aigus': 'Shelving +/- 15 dB @ 10 kHz'}, 'Section Drive': {'Gain': '0-30 dB', 'Compensation des basses fréquences': '< 250 Hz', 'Type de gain': 'Émulation tube Classe A'}, 'Sorties': {'Sortie XLR équilibrée': {'Niveau de sortie': '-10 dBV', 'Impédance': '< 5 kΩ', 'Options': 'Pré/Post ÉQ, Ground Lift'}, 'Sortie ligne': {'Impédance': '< 5 kΩ', 'Niveau nominal': '0 dBV'}}, 'Puissance de sortie': '500 W RMS @ 2 Ω, 440 W RMS @ 4 Ω', 'Impédance minimale des enceintes': '2 Ω'}",https://www.manualslib.com/manual/958809/Ebs-Classic-500.html,80.0,6
01K095SQGBHRKGSJ93PS4FDX7V,EDEN - WT550,Tête Basse,WT550,"Le Eden WT550 est une tête d'amplificateur basse compacte et puissante combinant préampli à lampes et amplification solid-state, délivrant 550 watts à 4 ohms. Il offre un son riche avec contrôle semi-paramétrique en 5 bandes, compresseur intégré, entrée auxiliaire stéréo et sortie DI ajustable, idéal pour la scène, l’enregistrement et la pratique silencieuse. Sa conception légère et robuste intègre un ventilateur thermostatique pour une fiabilité optimale.",750,0,0,0,0,"{'Puissance': '300 W @ 8 Ohms, 500 W @ 4 Ohms, 750 W @ 2 Ohms RMS', 'Distorsion harmonique totale (THD)': '< 0.05%', 'Réponse en fréquence': '10 Hz - 15 kHz ±2 dB', 'Contrôle tonal': '5 bandes semi-paramétriques (3 avec réglage de fréquence et niveau de ±15 dB, plus basses et aiguës en shelving avec ±15 dB)', 'Compression': 'Compresseur automatique commutable intégré', 'Entrée': ""-12 dB pad d'entrée"", 'Sorties': 'DI symétrique XLR avec lift de masse réglable, casque, accordeur, 2 sorties haut-parleurs (Jack 1/4"" et Speakon)', ""Boucle d'effets"": 'Pré-ampli mono et post-ampli stéréo', 'Entrées auxiliaires': 'Stéréo', 'Ventilation': 'Ventilateur thermostatique actif', 'Poids': '9 kg (20 lbs)', 'Caractéristiques supplémentaires': 'Conception hybride avec préampli à tubes et ampli de puissance à transistors, transformateur toroïdal, châssis en aluminium pour réduire les interférences électromagnétiques'}",https://www.fullcompass.com/common/files/18007-WT550OwnersManual.pdf,80.0,6
01K095ST2GNPJA0M6C792JP9TA,EDEN - WT800,Tête Basse,WT800,"L’Eden WT800 est une tête d’amplificateur basse hybride, combinant un préampli à tubes avec une amplification en classe D solide et légère, offrant une puissance flexible jusqu’à 880 watts en mode ponté. Il dispose d’une égalisation semi-paramétrique 5 bandes, d’un compresseur intégré et d’un système de refroidissement actif, conçu pour une grande fiabilité en tournée tout en assurant une restitution sonore riche, précise et polyvalente.",1900,0,0,48.0,0,"{'Puissance': '440 W par canal à 4 Ω, 550 W par canal à 2 Ω, 880 W en mode ponté à 8 Ω, 1100 W en mode ponté à 4 Ω', 'Réponse en fréquence': '20 Hz - 20 kHz', 'Impédance': '2 Ω, 4 Ω, 8 Ω', 'Connectique': ""Entrées stéréo, sorties haut-parleur, sortie casque, boucles d'effets pré/post, sortie DI"", 'Type de préampli': 'Tubes', ""Type d'ampli de puissance"": 'Transistors', 'Égalisation': '5 bandes semi-paramétriques', 'Compresseur intégré': 'Oui', 'Filtre passe-haut': 'Oui', 'Mode bi-amplification': 'Oui', 'Mode ponté': 'Oui', 'Refroidissement': 'Ventilation active commandée par thermostat', 'Sécurités thermiques': 'Oui', 'Alimentation': 'Sélectable 100/120 V ou 230/240 V', 'Fusible': '10 A (5 x 20 mm, lent) à 120 V, 5 A (5 x 20 mm, lent) à 240 V'}",https://www.fullcompass.com/common/files/18008-WT800OwnersManual.pdf,80.0,6
01K095SWQDZ4VRB7RX6XGE58PY,FENDER  - SUPER BASSMAN HD,Tête Basse,SUPER BASSMAN HD,"Le Fender Super Bassman HD est une tête d'amplificateur basse tout lampe de 300 watts, conçue pour les plus grandes scènes grâce à ses deux canaux commutables au pied : vintage pour un son chaud et classique, et overdrive pour un son agressif et moderne. Il intègre un système innovant de réglage automatique du bias des lampes, une sortie XLR avec contrôle de niveau et mode silencieux pour l'enregistrement, ainsi que des options poussées de tonalité avec des commandes deep et bright sur les basses et les aigus, offrant un son polyvalent et puissant adapté aux musiciens exigeants. Style vintage Fender Blackface des années 60, il combine tradition et technologie moderne pour un rendu sonore expressif et dynamique.",300,0,0,0,0,"{'Puissance de sortie': '300 W RMS', ""Type d'amplification"": 'Tout lampe (tube)', 'Tubes du préamplificateur': '2 x 12AX7', 'Tubes de la puissance': '1 x 12AX7, 1 x 12AT7, 6 x 6550', 'Nombre de canaux': '2 (Vintage et Overdrive, footswitchable)', 'Égaliseur Vintage': '3 bandes passives avec contrôle Bass (Pull Deep), Mid, Treble (Pull Bright)', 'Égaliseur Overdrive': 'Gain, Blend, Volume, Bass (Pull Deep), Mid, Frequency, Mid Level, Treble (Pull Bright) - tone stack actif', 'Commutateurs Pull': 'Bass (Deep) pour accentuer les graves, Treble (Bright) pour accentuer les aigus (sur les deux canaux)', 'Master volume': 'Avec fonction mute par pull', 'Sortie DI': 'Sortie ligne XLR avec contrôle de niveau, switch ground lift et sélection pré/post égaliseur', 'Impédance de sortie': 'Sélecteur 2, 4, 8 ohms', 'Modes': 'Canaux switchables via pédale (inclus)', 'Fonctionnalités supplémentaires': 'Système de bias automatique Fender (réajustement des tubes en continu, alerte maintenance)', 'Loop effets': ""Boucle d'effets avec pré-out et power-in (permets l'insertion d'effets externes)"", 'Entrées / Sorties': 'Entrée instrument 1/4"", sortie préampli 1/4"" (préamp out), entrée puissance 1/4"" (power amp in), XLR out', 'Style esthétique': ""Style Fender Blackface milieu 60's""}",https://www.fender.com/products/super-bassman,80.0,6
01K095SZ9HN29WREA5J1HRWQB8,GALLIEN-KRUEGER - FUSION 550,Tête Basse,FUSION 550,"Le Gallien-Krueger Fusion 550 est une tête d'ampli basse hybride combinant la chaleur d'un préampli à tubes en six étages avec la puissance rapide et punchy d'un amplificateur de puissance solide de 500 W. Doté d'un système bi-amplifié avec un canal supplémentaire de 50 W pour le tweeter, il offre une égalisation active 4 bandes, un contrôle de contour réglable, et des commandes motorisées mémorisables, pour une grande flexibilité sonore et une réponse dynamique très musicale. Ce modèle incarne l'innovation GK en alliant clarté, richesse harmonique et puissance compacte dans un format rack 3U.",1300,48.3,26.0,13.3,11.3,"{'Puissance': '500 W à 4 ohms, 350 W à 8 ohms', 'Puissance Horn Bi-Amp': '50 W', 'Type de préampli': 'Préampli à 3 tubes 12AX7 (6 étapes)', 'Amplificateur de puissance': 'Classe G, haute courant, technologie hybride (tube + transistor)', 'Égaliseur': 'Égaliseur actif 4 bandes avec contrôle Contour variable et sélection de fréquence médium (500-800 Hz)', 'Réponse en fréquence': '31 Hz - 19 kHz', 'Connectique': 'Entrée jack 1/4"" avec commutateur actif/passif (-14 dB), 2 sorties SpeakON pour bi-amplification, 2 sorties jack 1/4"" full range, boucle d\'effets, sortie tuner, DI active avec contrôle de niveau pré/post et switch masse', 'Fonctions additionnelles': 'Deux canaux avec réglages motorisés rappelables via footswitch, commutateurs Deep et Bright, interrupteur muet, ventilateur arrière à contrôle thermique'}",https://www.gallien-krueger.com/fusion-550-specs,93.88,1
01K095T1WAPJSC36JXYEAPRCNV,GALLIEN-KRUEGER - RB700,Tête Basse,RB700,"Le Gallien-Krueger 700RB est une tête d'amplificateur basse solide et fiable, offrant 480 watts à 4 ohms avec une technologie Bi-Amp innovante qui sépare l'amplification du woofer et du tweeter pour une clarté et une précision exceptionnelles. Il dispose d’un égaliseur 4 bandes actif avec des filtres de présence et de contour pour un modelage tonal précis, adapté aux bassistes professionnels et aux tournées. Compact et puissant, il est reconnu pour son punch et sa réponse musicale dynamique.",480,44.45,8.89,20.32,8.38,"{'Puissance principale': '480 W à 4 Ω, 320 W à 8 Ω', 'Puissance bi-amp (horn)': '50 W à 8 Ω', 'Type de préamplificateur': 'Solide-state (circuit intégré)', 'EQ actif': '4 bandes avec filtres de voicing', 'Égalisation spécifique': {'Basses': '±10 dB à 60 Hz', 'Contour': '+2 dB à 50 Hz / -10 dB à 500 Hz / +3 dB à 7 kHz', 'Présence': '+9 dB à 10 kHz', 'Basses 4/5 cordes': '+11 dB à 20 Hz', 'Aigus': '+12 dB / -17 dB à 7 kHz'}, 'Crossover': 'Triple pole constant voltage à 5 kHz', 'Connectique': 'Sorties enceintes 1/4"" et SpeakOn pour bi-amp, sortie DI XLR avec ground lift et pré/post EQ', 'Fonctions complémentaires': ""Boucle d'effets, sortie accordeur avec mute, pad -10 dB, voyant clip, ventilation variable"", 'Rapport signal/bruit': 'Plus de 90 dB (entrée ultra faible bruit)', 'Protection': 'Protection short circuit, thermique et RF, stable sur charges réactives et non appariées', 'Consommation électrique': 'Environ 230 W en usage moyen', 'Poids': 'Environ 8 kg'}",https://static1.squarespace.com/static/52d881e0e4b093afad1a2ae2/t/54a31083e4b01142025c9b56/1419972739424/700rb_1001rb.pdf,92.6,1
01K095T4CXYXE26GTGCGQD6RP9,GALLIEN-KRUEGER - RB800,Tête Basse,RB800,"Le Gallien-Krueger RB800 est une tête d'ampli basse légendaire reconnue pour sa conception bi-amplifiée avec un crossover réglable, séparant l'amplification des basses et des aigus pour un contrôle précis du son. Son equaliseur actif 4 bandes et ses filtres de tonalité dédiés permettent de sculpter facilement un son clair, puissant et articulé. Cette polyvalence en fait un choix prisé des bassistes professionnels pour la puissance et la clarté qu'il offre.",999,0,0,0,0,"{'Puissance': '300W à 4 Ohms (basse), 100W à 8 Ohms (aigus)', ""Type d'amplification"": 'Bi-amplification avec crossover réglable', 'Égalisation': 'Égaliseur actif 4 bandes', 'Filtres de tonalité': 'Filtres de voix Low Cut, Mid Contour, High Boost', 'Contrôles supplémentaires': 'Boost avec commande au pied, Master volume pour chaque ampli (bas et haut), contrôle de crossover', 'Sorties haut-parleur': 'Sorties séparées pour amplificateurs basse et aigus', 'Sortie DI': 'Symétrique avec pré/post EQ', ""Boucle d'effets"": 'Incluse', 'Entrée auxiliaire': 'Oui', 'Connectique': 'Entrée instrument jack 1/4"", sorties HP jack 1/4"", sortie DI XLR symétrique', 'Dimensions': 'Rack 19"", environ 17.5\'\' largeur, 5.25\'\' hauteur, 9.5\'\' profondeur', 'Poids': 'Environ 10.4 kg', 'Particularités': 'Légendaire tête d’amplification à transistor, son clair et punchy, architecture bi-amp pour une grande précision dans les fréquences graves et aiguës'}",https://www.gallien-krueger.com/wp-content/uploads/legacy-docs/manuals/800RB_manual.pdf,80.0,6
01K095T6YFCNA3FS7Q0NZEZSQC,GALLIEN-KRUEGER  - RB1001,Tête Basse,RB1001,"Le Gallien-Krueger 1001RB est un ampli basse Class H puissant jusqu'à 700 watts RMS (plus 50 watts pour le tweeter), très apprécié pour sa solidité, sa polyvalence et sa clarté sonore. Il intègre un égaliseur actif 4 bandes, des filtres de voicing (contour, présence) et un boost avec effet valve (GIVE) pour sculpter finement le son. Compact et léger (22 lbs), il offre une connectique complète avec sortie XLR, boucle d’effets, et bi-amp, idéal pour les concerts et enregistrement. Son design robuste garantit une grande fiabilité sur scène.",1200,48.3,8.9,20.3,10.0,"{'Puissance de sortie': '700 W RMS à 4 Ω + 50 W pour le tweeter (bi-amp)', ""Classe d'amplification"": 'Classe H', 'Égalisation': 'Égaliseur actif 4 bandes avec contrôle Contour, Presence et voicing spécifique pour 4 ou 5 cordes', 'Filtres de tonalité': '3 filtres sélectionnables (Bump, Contour, Presence)', 'Boost': 'Boost avec effet Gate Valve Induced Effect (GIVE)', 'Entrées': '1 x jack 1/4"" instrument, 1 x jack 1/8"" auxiliaire', 'Sorties': '2 x SpeakON, 2 x jack 1/4"" haut-parleur, 1 x XLR direct out, 1 x jack 1/4"" tuner', ""Boucle d'effets"": 'Oui, avec niveau, lift de masse et pré/post XLR', 'Simulateur de Cabinet': 'Oui, pour sortie DI', 'Limiteur': 'Réglable', 'Refroidissement': 'Ventilateur interne à vitesse variable', 'Poids': 'Environ 10 kg (22 lbs)', 'Dimensions (LxHxP)': '48.3 x 8.9 x 20.3 cm', 'Consommation': 'Env. 317 W en usage moyen'}",https://www.gallien-krueger.com/rb-legacy,92.96,1
01K095T9HBJMJCKP59E4HF112F,GALLIEN-KRUEGER - RB2001,Tête Basse,RB2001,"Le Gallien-Krueger 2001RB est une tête d'amplificateur basse professionnelle offrant 1080 W de puissance en configuration dual mono, avec deux canaux indépendants (clean et overdrive) équipés d’un égaliseur actif 4 bandes à Q variable pour un réglage précis du son. Il intègre également un système Horn Bi-Amp avec un amplificateur dédié de 50 W pour rendre les aigus clairs et puissants, même à fort volume, et propose des filtres de tonalité avancés et une grande flexibilité pour une maîtrise complète du son. Ce modèle assure un son riche, puissant et articulé, idéal pour les bassistes exigeants recherchant polyvalence et performance.",1600,48.3,13.3,30.5,18.2,"{""Type d'amplificateur"": 'Solide-état (Solid-State)', 'Nombre de canaux': '2 (Clean et Overdrive)', 'Puissance de sortie': '2 x 540 W @ 2 Ohms, 2 x 360 W @ 4 Ohms, 2 x 240 W @ 8 Ohms en mode stéréo', 'Puissance en mode ponté': '1080 W @ 4 Ohms, 650 W @ 8 Ohms', 'Amplificateur Tweeter': '50 W @ 4 Ohms (Horn Bi-Amp system)', 'Égaliseur': 'Égaliseur actif 4 bandes avec Q variable', ""Plage de l'égaliseur"": {'Bass': '+10 dB @ 60 Hz', 'Low Mid': '+6 dB / -10 dB @ 250 Hz', 'High Mid': '+6 dB / -10 dB @ 1 kHz', 'Treble': '+14 dB @ 7 kHz'}, 'Filtres de coloration (voicing filters)': 'Contour, Presence, 4-string / 5-string voicing', 'Technologie spéciale': 'Horn Bi-Amp avec amplificateur tweeter dédié pour une clarté des hautes fréquences', 'Système de refroidissement': 'Ventilateurs à vitesse variable en fonction de la charge', 'Protection': 'Protection complète contre les courts-circuits, thermique et radio fréquence', 'Connectique': ""Sorties haut-parleur stéréo avant et pontées, entrée instrument, sortie directe, sortie send/return pour boucle d'effets"", 'Contrôles': 'Level, Gain, Edge (overdrive channel), Bottom (overdrive channel), Égaliseur, switch channel, mute', 'Dimensions (approx.)': '48.3 cm x 13.3 cm x 30.5 cm', 'Poids': '18.2 kg'}",https://www.scribd.com/document/407240835/160-0290-B-2001RB-Complete-Manual-pdf,96.01,4
01K095TC3PRREAY3SEYSPTTMMN,HARTKE - HA3500,Tête Basse,HA3500,"Le Hartke HA3500 est un ampli basse polyvalent délivrant 350 watts sous 4 ohms, doté de préamplis tube et à transistors sélectionnables, d’un égaliseur graphique 10 bandes et de contrôles de tonalité précis, offrant ainsi une grande flexibilité sonore pour s’adapter à tous styles de musique. Sa sortie directe équilibrée optimise les performances en live et en studio, tandis que son design robuste garantit une fiabilité sur scène.",1200,48.3,10.2,38.1,7.0,"{'Puissance': '350 watts à 4 ohms, 240 watts à 8 ohms', 'Préamplificateur': 'Sélectionnable entre lampe (tube) et état solide', 'Entrées': 'Entrée active 100 kOhms, 60 mV; entrée passive 100 kOhms, 20 mV', 'Egaliseur graphique': '10 bandes, ±15 dB aux fréquences 30 Hz, 64 Hz, 125 Hz, 250 Hz, 500 Hz, 1 kHz, 2 kHz, 3 kHz, 5 kHz, 8 kHz', 'Contrôles de contour': 'Bass et treble contour, ±18 dB à 100 Hz (low pass) et ±18 dB à 10 kHz (high pass)', 'Compression': 'Compresseur avec réglage de seuil et ratio', 'Sortie directe': 'Sortie XLR équilibrée avec switch ground lift, pré/post EQ sélectionnable', 'Distorsion harmonique totale': '< 0,5 %', 'Rapport signal sur bruit': 'Environ 78 dB', 'Connectique': 'Entrées instrument actives et passives, send/return effets, sortie directe XLR'}",https://www.samsontech.ru/netcat_files/2634_39.pdf,94.21,N/A
01K095TEN4K7CEX2Q0ENAKD3Z6,HARTKE - HA5000,Tête Basse,HA5000,"Le Hartke HA5000 est une tête d’amplification basse puissante offrant 250 watts par canal sous 4 ohms, avec une configuration bi-amp ou mono full range. Il combine préamplificateurs à lampe et à transistors, permet un réglage précis des graves, aigus et contours, intègre un égaliseur graphique 10 bandes, une compression variable et un crossover actif avec contrôle de balance pour un son flexible et personnalisé. Il inclut aussi une sortie XLR symétrique et une boucle d'effets, le tout dans un format rackable 2U compact.",650,0,8.9,48.3,0,"{'Puissance': '250 W par canal à 4 Ohms, 170 W par canal à 8 Ohms', ""Type d'amplification"": 'Bipolaire (2 amplificateurs indépendants dans un châssis)', 'Configuration': 'Bi-amp ou mono pleine bande', 'Préamplis': 'Sélectionnable entre tube et semi-conducteurs', 'Contrôles de tonalité': 'Contour de basses et aigus rotatifs', 'Égaliseur': 'Égaliseur graphique 10 bandes', 'Compression': 'Compression réglable intégrée', 'Crossover actif': 'Fréquence variable avec contrôle de balance', 'Sortie directe': 'Sortie symétrique XLR', 'Distorsion harmonique totale': 'Inférieure à 1 % à la puissance nominale', 'Rapport signal sur bruit': 'Environ 68 dB', 'Entrées': 'Jack passive/active', ""Boucle d'effets"": 'Incluse', 'Montage': 'Rack 2U', 'Particularités': 'Conception bipolaire, protection relais pour haut-parleurs, Transient Attack® circuitry'}",https://storage.googleapis.com/hartke-production/uploads/documents/5000_7000_manual.pdf,80.0,6
01K095TH7WKXVS53SV6Z9NQS8T,HARTKE - HA5500,Tête Basse,HA5500,"Le Hartke HA5500 est un ampli basse hybride de 500 watts combinant préamplis à lampe et à transistors, avec entrées passives et actives. Il intègre un égaliseur graphique 10 bandes, un compresseur variable, et des commandes de basses, aigus et contour pour un contrôle précis du son, le tout dans une esthétique vintage. Cet ampli offre une puissance puissante et un son clair adapté à divers styles de jeu.",600,48.0,8.5,34.0,6.4,"{'Puissance': '500 W à 4 ohms', 'Préamplificateurs': 'Tube (12AX7) et état solide', 'Entrées': 'Passif et actif', 'Égaliseur': 'Égaliseur graphique 10 bandes', 'Contrôle de tonalité': 'Bass, treble, contour (contrôle de fréquences basses et hautes ajustables)', 'Compression': 'Compression variable', 'Sortie directe': 'Sortie XLR', ""Boucle d'effets"": 'Oui', 'Impédance de sortie': '4 ohms (également puissance délivrée à 8 ohms : 350 W)'}",https://www.hartke.com/products/amplifiers/ha-series-amplifiers/ha5500/,93.97,N/A
01K095TKTYJN60EE7MTJTJ5ZJG,HARTKE - HA7000,Tête Basse,HA7000,"Le Hartke HA7000 est une tête d’amplificateur basse bi-amplifiée délivrant 350 watts par canal (à 4 ohms), avec des préamplis sélectionnables à lampes et à transistors, un égaliseur graphique 10 bandes, un compresseur réglable, et un crossover actif avec contrôle de balance entre fréquences hautes et basses, offrant une grande précision et flexibilité sonore.",250,0,0,0,0,"{'Puissance': '350 watts par canal à 4 ohms, 240 watts par canal à 8 ohms', 'Type de préamplificateur': 'Sélectionnable entre lampe (tube) et état solide (solid-state)', 'Égaliseur graphique': '10 bandes', 'Contrôles de tonalité': 'Potentiomètres contour basse et aiguë', 'Compresseur': 'Intégré, réglable', 'Entrées': 'Deux entrées, compatibles basses passives et actives', 'Sorties haut-parleurs': 'Quatre sorties, avec commutateur bi-amp pour séparation fréquences hautes et basses', 'Crossover actif': 'Fréquence et balance ajustables', 'Sortie directe': 'Équilibrée XLR, pré/post égaliseur sélectionnable, commutateur ground lift', ""Boucle d'effets"": 'Send et Return', 'Distorsion harmonique totale': '< 1% à la puissance nominale', 'Rapport signal sur bruit': 'Environ 78 dB', 'Fonctionnement': 'Bi-amplification ou mono plein spectre', 'Refroidissement': 'Ventilateur DC sans balais', 'Rackable': 'Oui, 2U'}",https://storage.googleapis.com/hartke-production/uploads/documents/5000_7000_manual.pdf,80.0,6
01K095TPES62FFWAHVZCJABTK2,MARSHALL - VBA400,Tête Basse,VBA400,"Amplificateur basse tout lampe Marshall VBA400 délivrant 400 watts grâce à 12 lampes, dont 8 6550 en sortie et 4 en préampli. Il offre trois positions de contour pour sculpter le médium, un égaliseur 3 bandes rotatif, et des réglages Deep et Bright pour enrichir les graves et les aigus. Entrées active/passive, boucle d'effets, sortie DI XLR avec options terre et pré/post EQ, ainsi qu'un ventilateur à vitesse réglable pour une fiabilité optimale. Idéal pour un son puissant, chaud et précis.",3500,0,0,0,0,"{'Puissance': '400 W RMS', 'Tubes de puissance': '8 x 6550', 'Tubes Préamplificateurs': '3 x ECC83, 1 x ECC82', 'Entrées': 'Active et Passive', 'Réponse en fréquence': 'Non spécifiée précisément, réglable par EQ 3 bandes', 'EQ': 'Égaliseur 3 bandes rotatif (Basses, Médiums, Aigus)', 'Contrôle de médiums': 'Sélecteur 3 positions Contour de médiums', 'Commandes supplémentaires': 'Sélecteur Deep (renforcement des basses profondes), Sélecteur Bright (accentuation des aigus), Gain, Volume master', 'Sortie DI': 'Sortie DI XLR équilibrée avec sélecteur Ground Lift et pré/post EQ', 'Loop Effets': 'Send & Return en série', 'Sorties HP': ""Sélecteur d'impédance (compatible différents haut-parleurs)"", 'Sortie Accordeur': 'Sortie accordeur avec mute', 'Ventilation': 'Sélecteur vitesse de ventilateur haute/basse pour refroidissement des tubes', 'Impédance': ""Sélecteur d'impédance (valeurs non spécifiées)"", ""Type d'amplification"": 'Amplificateur tout lampes (full tube)', 'Dimensions': '670 x 275 x 325 mm', 'Poids': '36 kg'}",https://www.drtube.com/schematics/marshall/vba400-manual.pdf,80.0,6
01K095TS12RCYQKNA9GJPZJZYP,MARKBASS - LITTLE MARK TUBE 800,Tête Basse,LITTLE MARK TUBE 800,"Ampli compact et léger (3 kg) offrant 800W à 4 ohms. Préampli hybride tube/transistor blendable pour timbres chauds ou agressifs. Égalisation 4 bandes, filtres VLE et VPF, deux entrées avec contrôle de gain indépendant, sortie XLR équilibrée.",1350,27.6,8.3,25.0,3.0,"{'Puissance de sortie': '800 W RMS à 4 ohms, 500 W RMS à 8 ohms', 'Type de préamplificateur': 'Tube / état solide mixable', ""Topologie de l'amplificateur de puissance"": 'Classe D', 'Impédance des entrées': '500 kΩ', 'Entrées': '1 entrée 1/4"" jack, 1 entrée combo XLR/1/4"" avec alimentation fantôme 48 V', 'Sorties': 'Sortie haut-parleur Speakon/1/4"" combo, sortie ligne XLR symétrique, sortie accordeur 1/4"", boucle d\'effets send/return', 'Contrôles de tonalité': 'Égaliseur 4 bandes : graves ±16dB à 40 Hz, bas-médiums ±16dB à 360 Hz, haut-médiums ±16dB à 800 Hz, aigus ±16dB à 10 kHz', 'Filtres spéciaux': 'Variable Pre-Shape Filter (VPF) à 380 Hz (cut), Vintage Loudspeaker Emulator (VLE) de 250 Hz à 20 kHz (cut)', 'Contrôles supplémentaires': 'Volume, mix préampli tube/solide, switch pré/post égalisation pour sortie, mute, Ground Lift', 'Alimentation': '230 V (nécessite transformateur dans certains pays)', 'Poids': 'environ 2.9 kg'}",https://www.markbass.it/product/little-mark-tube-800/,91.14,1
01K095TVN8AGXHAENBEDQD4TEM,MARKBASS - LITTLE MARK 800,Tête Basse,LITTLE MARK 800,"Le Markbass Little Mark 800 est un amplificateur combo compact et léger offrant 800 watts de puissance. Il combine un préampli hybride à lampes et à transistors, permettant de mixer chaleur et précision sonore. Sa simplicité d’utilisation, son égaliseur 4 bandes, son filtre variable et son émulateur d’enceinte vintage offrent un son clair, dynamique et chaleureux, idéal pour les scènes importantes et les groupes puissants. Il dispose aussi d’une sortie DI avec réglage de niveau et commutateur pré/post égaliseur, optimisant la connexion aux consoles ou enregistrement.",1350,0,0,0,0,"{'Puissance de sortie': '800 W RMS à 4 ohms / 500 W RMS à 8 ohms', ""Impédance d'entrée"": '500 kΩ', 'Impédance entrée XLR équilibrée': '100 kΩ', 'Max tension entrée': '15 Vpp (entrée 1/4""), 25 Vpp (entrée XLR équilibrée)', 'Phantom power': '48 V (sur entrée XLR)', 'Égaliseur': '4 bandes, Low 40 Hz ±16 dB, Low Mid 360 Hz ±16 dB, High Mid 800 Hz ±16 dB, High 10 kHz ±16 dB', 'Filtres supplémentaires': 'VPF (Variable Pre-shape Filter) à 380 Hz (atténuation), VLE (Vintage Loudspeaker Emulator) 250 Hz – 20 kHz (atténuation)', 'Connectique sortie ligne': 'XLR symétrique, max 20 Vpp', 'Connectique effet': 'Send/Return non équilibré, effet pré-égaliseur', 'Sortie accordeur': 'Sortie 1/4"" non équilibrée, max 2 Vpp', 'Sorties haut-parleur': 'Speakon / jack 1/4"" combo', 'Technologie préamplificateur': 'Préampli hybride à lampes et transistor, mixable', ""Type d'amplificateur de puissance"": 'Classe D', 'Commande de gain': 'Contrôle de gain individuel pour chaque entrée, de -60 dB à +23 dB', 'Contrôles': 'Volume master, niveau ligne, switch ground lift, switch pré/post EQ pour sortie DI, bouton mute', 'Alimentation': '100/120 V ; 230 V ; 240 V – 50/60 Hz', 'Caractéristiques générales': ""Réponse rapide de l'ampli, son clair et chaleureux, idéal pour grandes scènes et groupes puissants""}",https://www.markbass.it/product/little-mark-tube-800/,80.0,6
01K095TY832HMKF2XG2E6NF7BJ,MARKBASS - LITTLE MARK III,Tête Basse,LITTLE MARK III,"Le Markbass Little Mark III est un ampli compact et léger offrant une puissance de 500W sous 4 ohms, reconnu pour sa sonorité naturelle et chaleureuse qui restitue fidèlement le ton de la basse. Il intègre un préampli solide et un égaliseur 4 bandes précis, avec des fonctions avancées comme un DI à niveau réglable et un switch pré/post EQ, idéal pour le live comme pour le studio. Son format réduit favorise une grande portabilité sans compromis sur la qualité sonore.",1350,0,0,0,0,"{'Puissance de sortie': '500 W RMS à 4 ohms / 300 W RMS à 8 ohms', ""Impédance d'entrée"": '500 kOhms, tension max 15 Vpp', ""Impédance d'entrée équilibrée (XLR)"": '100 kOhms, tension max 25 Vpp', ""Impédance retour d'effet"": '33 kOhms, tension max 10 Vpp', 'Égalisation': {'Low': 'Fréquence centrale 60 Hz, niveau ±16 dB', 'Low Mid': 'Fréquence centrale 360 Hz, niveau ±16 dB', 'High Mid': 'Fréquence centrale 800 Hz, niveau ±16 dB', 'High': '5 kHz shelf, niveau ±16 dB', 'VPF (filtre pré façonné variable)': 'Fréquence centrale 380 Hz (cut)', 'VLE (émulateur haut-parleur vintage)': '250 Hz à 20 kHz (cut)'}, 'Contrôles': ['Gain : -60 dB à +23 dB', 'Master Volume', 'Niveau Line Out', 'Interrupteur Ground Lift', 'Sélecteur Pre/Post EQ'], 'Sorties': {'Line Out': 'XLR équilibré, tension max 20 Vpp', 'Send Effet': 'Unbalanced, tension max 20 Vpp (pre-EQ)', 'Tuner Out': 'Unbalanced, tension max 2 Vpp', 'Sortie haut-parleur': 'Combo Speakon / jack 1/4""'}}",https://www.markbass.it/product/little-mark-iii/,80.0,6
01K095V0VDH1BYPK83ASG972YH,MARKBASS  - TTE500 RANDY JACKSON,Tête Basse,TTE500 RANDY JACKSON,"L’ampli Markbass TTE500 Randy Jackson Signature associe le son vintage à la fiabilité moderne avec un préampli à lampes complet, un compresseur à lampes, un EQ passif 3 bandes et un filtre « Colour » tube, offrant une puissance de 500W avec une émulation innovante de l’amplification à lampes.",500,0,20.0,48.0,5.7,"{'Puissance': '500 W sous 4 ohms, 300 W sous 8 ohms', 'Préamplificateur': 'à lampes (3x ECC83 + 1x ECC81 pour le compresseur)', 'Amplificateur de puissance': 'analogique avec technologie Tube Technology Emulator (TTE)', 'Égalisation': 'passive 3 bandes (basses, médiums, aigus)', 'Contrôles supplémentaires': ""Compresseur, filtre 'Colour' tube-driven (adaptation tube du contrôle VLE)"", 'Sorties': '2 sorties haut-parleurs Speakon combo, Sortie ligne XLR', 'Impédance minimum recommandée': '4 ohms', 'Type de construction': ""Tête d'amplificateur compacte avec alimentation digitale spéciale Markbass"", 'Poids': '6 kg'}",https://www.markbass.it/product/tte-500/,80.0,6
01K095V3E01FV04XR4JP3XDHYD,MARKBASS  - MOMARK TA500,Tête Basse,MOMARK TA500,"Markbass MoMark TA 500 est une tête d’amplificateur basse modulaire alliant une puissance analogique de 500W et une grande polyvalence grâce à ses modules interchangeables. Elle intègre un préampli à lampe, un égaliseur 4 bandes avec réglages semi-paramétriques, ainsi qu’un limiteur bi-bande très performant, offrant un son chaleureux, précis et organique. Son système modulable permet d’adapter facilement le son à différents styles et situations de jeu.",680,0,0,0,0,"{'Préamplificateur': 'T1M à lampe avec mute switch et réponse en fréquence ultra-linéaire', 'Égaliseur': 'Eq42S à 4 bandes avec 2 contrôles semi-paramétriques', 'Contrôles Master': 'Contrôle de niveau principal et contrôle de niveau Line Out', 'Filtres': 'VLE (Vintage Loudspeaker Emulator) et VPF (Variable Pre-shape Filter)', 'Limiteur': 'Bi-band high-tech révolutionnaire', 'Amplificateur de puissance': 'Analogique, 500 W sous 4 Ohms / 300 W sous 8 Ohms', 'Alimentation': 'Alimentation numérique personnalisée', 'Type': ""Tête d'amplificateur modulaire avec modules interchangeables""}",https://www.markbass.it/product/momark-ta-500/,80.0,6
01K095V61WXHTBEVE2Z7W9911E,MARKBASS  - SA450,Tête Basse,SA450,"La Markbass SA450 est une tête d'amplification professionnelle compacte et légère, réputée pour sa polyvalence et sa grande précision sonore. Elle offre une puissance de 300W RMS sous 8 ohms et 500W sous 4 ohms, avec un préampli à transistors délivrant un son naturel et chaleureux. Son égaliseur 4 bandes inclut deux médiums semi-paramétriques, permettant un réglage fin du ton, complété par un filtre VPF et une simulation VLE pour des textures vintage. Elle intègre aussi des sorties balanced XLR et des fonctions pratiques comme un effet send/return, un tuner out, et un switch ground lift, rendant cet ampli idéal pour la scène et l'enregistrement. Sa simplicité de prise en main et ses fonctionnalités avancées en font un choix sûr pour bassistes exigeants.",1300,0,0,0,0,"{""Impédance d'entrée"": '500 kOhm, max. tension 9 Vpp', ""Impédance retour d'effet"": '33 kOhm, max. tension 12 Vpp', 'Puissance de sortie': '300 W RMS à 8 ohms, 500 W RMS à 4 ohms', 'Égalisation': {'LOW': 'Fréquence centrale 40 Hz, niveau ±16 dB', 'LOW-MID': 'Semi-paramétrique, fréquence 100-800 Hz, niveau ±16 dB', 'HIGH-MID': 'Semi-paramétrique, fréquence 700 Hz - 6 kHz, niveau ±16 dB', 'HIGH': 'Étagère à 10 kHz, niveau ±16 dB', 'VPF (Filtre pré-configuré variable)': 'Fréquence centrale 380 Hz (coupe)', 'VLE (Émulateur haut-parleur vintage)': 'Coupe 250 Hz - 20 kHz'}, 'Contrôles': {'GAIN': '-80 dB à +25 dB', 'Volume maître': 'Oui', 'Sortie ligne': 'Contrôle de niveau en façade', 'Switch pré/post EQ': 'Oui, sur panneau arrière', 'Switch ground lift': 'Oui, sur panneau arrière'}, 'Connectiques': {'EFFECT SEND': 'Non équilibrée, max. tension 12 Vpp (pré-EQ)', 'EFFECT RETURN': 'Non équilibrée, max. tension 12 Vpp', 'TUNER OUT': 'Non équilibrée, max. tension 2 Vpp', 'LINE OUT': 'Symétrique XLR, max. tension 25 Vpp', 'SPEAKER OUT': 'Speakon et jack 1/4""'}, 'Alimentation': '100/120 V; 230 V; 240 V, 50/60 Hz (pré-réglé selon région)'}",https://www.markbass.it/product/sa-450/,80.0,6
01K095V8N7K0QV5G142SF3TMB1,MESA BOOGIE  - 400 PLUS,Tête Basse,400 PLUS,"Le Mesa Boogie 400 Plus est un ampli basse tout à lampes de 500 watts avec une puissance fiable grâce à ses 12 tubes 6L6 et 4 tubes 12AX7. Il offre deux entrées indépendantes adaptées aux basses actives et passives, un égaliseur graphique 7 bandes paramétrique et une boucle d’effets blendable pour une grande flexibilité sonore. Son design robuste et son ventilateur à vitesse réglable assurent une durabilité et un son puissant, idéal pour les musiciens exigeants recherchant précision, attaque et dynamique.",9,48.3,13.3,35.6,19.5,"{'Puissance de sortie': '500 W à 2 Ohms', 'Amplification': 'Tout lampe (tube), Class A/B', 'Tubes de puissance': '12 x 6L6', 'Tubes de préampli': '4 x 12AX7', 'Polarisation': 'Fixe (Fixed Bias)', ""Nombre d'entrées"": '2 (une pour basse active, une pour basse passive)', 'Contrôles de volume': 'Indépendants pour chaque entrée avec fonction Pull Bright', 'Égaliseur': 'Égaliseur graphique 7 bandes, footswitchable', 'Contrôles de tonalité': 'Rotatifs traditionnels adaptés pour basse avec switches Pull Shift pour étendre la plage', ""Boucle d'effets"": ""Double boucle d'effets blendable avec points de connexion avant et arrière"", 'Sorties': 'Sortie slave, sortie XLR équilibrée 600 Ohms', 'Ventilation': 'Ventilateur avec bouton de contrôle de vitesse à 3 positions', 'Caractéristiques supplémentaires': ""Sensibilité de boucle d'effets réglable par Master et égaliseur graphique""}",https://legacy.mesaboogie.com/support/out-of-production/bass-400.html,96.73,1
01K095VBAP32XRM3VJY1JBF1EH,ORANGE - AD200BMKIII,Tête Basse,AD200BMKIII,"L'Orange AD200B MKIII est une tête d'ampli basse à lampes puissante et simple d'utilisation, délivrant 200 watts grâce à ses quatre lampes 6550. Son EQ 3 bandes permet un réglage précis pour un son à la fois chaud, dynamique et clair, adapté à tous styles et types de basses actifs ou passifs. Il excelle par sa capacité à restituer un bas profond et un médium bien défini, offrant une grande musicalité et une forte présence sur scène.",3500,55.0,27.0,28.0,26.25,"{'Puissance de sortie': '200 Watts', 'Type de lampes de puissance': '4 x 6550 (KT88)', 'Lampes préampli': '2 x 12AX7 (ECC83), 1 x 12AT7 (ECC81)', 'Étages': 'Préampli à lampes, redresseur à semi-conducteurs', 'Impédance de sortie': '1 x 8 Ohms, 1 x 4 Ohms, ou 2 x 8 Ohms (via 4 Ohms outputs)', 'Égaliseur': 'Égaliseur 3 bandes (Graves, Médiums, Aigus)', 'Contrôles': 'Master volume, Gain, Égaliseur 3 bandes', 'Entrées': 'Entrée basse active/passive', ""Type d'amplificateur"": ""Tête d'amplificateur à lampes (valves)"", 'Dimensionnel': 'Compact et robuste, poids environ 26 kg', 'Autres caractéristiques': 'Son pur à lampes, gain polyvalent, conçu pour une large palette de styles et de sons', 'Connectique haut-parleur': 'Sorties jack pour baffles 8 Ohm ou 4 Ohm'}",https://www.zikinf.com/manuels/orange-ad200-bass-mk-3-manuel-utilisateur-en-41732.pdf,98.8,N/A
01K095VDYGS0565BXGYBBSAHYZ,SWR  - SM400,Tête Basse,SM400,"Le SWR SM 400 est une tête d'amplification basse combinant un préampli tout à lampes avec un limiteur à transistors à effet de champ et deux amplis de puissance indépendants à transistors discrets. Il offre une puissance maximale de 400W en mode ponté, une égalisation graphique 4 bandes semi-paramétrique, un crossover électronique réglable et la possibilité de fonctionner en mode stéréo ou bi-amplification pour une grande flexibilité sonore. Ce modèle est apprécié pour sa tonalité chaude et précise, adaptée à une large palette de styles et compatible avec les enceintes SWR Goliath II.",5,0,8.9,48.3,11.3,"{'Puissance': '400 W en mode ponté à 8 Ohms, 420-440 W à 4 Ohms', 'Type de préamplificateur': 'Vanne (tube) 12AX7', 'Limiteur': 'À transistors à effet de champ (Field Effect Transistors)', 'Égalisation': 'Égaliseur graphique 4 bandes', 'Contrôles tonaux': 'Graves, aigus, contrôle du crossover variable', 'Entrées': 'Entrées Hi et Low Gain', 'Sorties': 'Sortie XLR équilibrée commutable Direct/Line Out, sorties haut-parleurs (mono et stéréo), sorties Cross-Over haut et bas', 'Fonctions particulières': ""Amplificateurs de puissance bi-amplifiés pouvant fonctionner en mode stéréo ou ponté, aural enhancer, boucle d'effet mono et stéréo"", 'Impédance': ""Compatible avec 4 ou 8 Ohms selon le mode d'utilisation"", 'Dimensions rack': 'Format rack standard'}",https://www.zikinf.com/manuels/swr-sm-400-manuel-utilisateur-en-29823.pdf,80.0,6
01K095VGJ4RDGY0DGBYZ1ZPM95,SWR  - SM500,Tête Basse,SM500,"Le SWR SM500 est une tête d’ampli basse polyvalente offrant une puissance de 500 watts en mode mono (4 ohms) ou 250 watts par canal en stéréo. Il intègre un préampli à lampe 12AX7, un égaliseur paramétrique 4 bandes précis avec réglages de basses, aigus et transparence, un limiteur ajustable et un Aural Enhancer pour optimiser le son. Sa conception combine puissance, clarté et contrôle tonal pour s’adapter à tous styles et configurations.",800,48.26,8.89,34.0,9.07,"{'Puissance': '500 W en mode mono ponté à 4 Ohms, 400 W à 8 Ohms, 250 W à 16 Ohms ; en mode stéréo 250 W par canal à 4 Ohms, 300 W par canal à 2 Ohms, 150 W par canal à 8 Ohms', 'Réponse en fréquence': '10 Hz - 40 kHz (amplificateur de puissance)', 'Égaliseur': 'Égaliseur paramétrique 4 bandes avec contrôle de Bass (+/-15 dB à 80 Hz), Treble (+/-15 dB à 2 kHz), et contrôles de transparence', 'Préamplificateur': 'Tube 12AX7', 'Contrôles': 'Gain avec indicateur LED de saturation, limiteur avec seuil variable, Aural Enhancer', 'Entrées': 'Deux entrées indépendantes compatibles avec instruments actifs et passifs', 'Mode de fonctionnement': 'Mono ponté ou stéréo', 'Ventilation': 'Ventilateur intégré pour refroidissement'}",https://www.manualslib.com/manual/1311699/Swr-Sm-500.html,94.58,3
01K095VK652VQS8478ER4GHKE1,SWR  - SM900,Tête Basse,SM900,"Le SWR SM900 est une tête d'amplificateur basse hybride puissante offrant 900 watts en mode mono ponté ou 400 watts par canal en stéréo. Il combine la chaleur d'un préamplificateur à lampes SWR avec deux amplificateurs de puissance, proposant une grande flexibilité pour le réglage du son grâce à ses égaliseurs semi-paramétriques doubles à trois bandes, qui peuvent être fusionnés en une configuration à six bandes pour un contrôle très précis du timbre. Ses fonctionnalités pro incluent un limiteur variable, une sortie XLR de qualité studio, un boucle d'effets stéréo/mono, ainsi qu'une capacité bi-ampli avec filtres croisés ajustables, faisant de lui un choix prisé pour la scène et le studio. Compact en rack (2U), il est renommé pour sa fiabilité et son excellence sonore sur les plus grandes scènes internationales.",1800,48.3,8.9,34.9,15.9,"{'Puissance': '900 W en mono bridge à 4 ohms, 650 W à 8 ohms, 400 W par canal en stéréo à 4 ohms, 240 W par canal à 8 ohms', 'Tubes': '12AX7 (préampli)', 'Égaliseur': 'Double égaliseur semi-paramétrique 3 bandes, combinable en 6 bandes', 'Réponse en fréquence': 'De -3 dB à 20 Hz - 40 kHz', ""Impédance d'entrée"": ""Passif/Actif : 800 kOhms; Actif seul : 60 kOhms; Retour d'effets : 27 kOhms"", 'Impédance de sortie': ""Send d'effets : 100 ohms; Tuner send : 100 ohms; Sortie XLR équilibrée : 750 ohms; Sorties crossover haut/bas : 100 ohms"", 'Rapport signal/bruit': '≥ 75 dB', 'Distorsion harmonique totale': '0.03% (à pleine puissance, retour effets)', 'Limiteur': 'Variable avec contrôle de seuil', ""Boucle d'effets"": 'Stéréo/mono, avec contrôle de mélange', 'Connectique': 'Entrées passives et actives 1/4"", sorties haut-parleurs Speakon et jack 1/4"", XLR balance pour sortie ligne, tuner send, effets send/return', 'Fonctionnalités supplémentaires': 'Mode bi-amp avec sorties crossover haut et bas, EQ canal sélectionnable par footswitch, entrée tuner, réglage de balance et blend effets'}",https://www.bplsv.com/manfacturers/backline/manual/amps/swr/SM900_OM.pdf,95.76,2
01K095VNVHD34FSCAG27FE2TGM,SWR - 750X,Tête Basse,750X,"Le SWR 750X est une tête d'amplificateur basse puissante et polyvalente offrant 750 watts en charge 4 ohms avec une technologie Subwave pour un signal d'octave précis et un overdrive intégré basé sur un préampli à lampe 12AX7 pour des sons allant du crunch subtil au growl agressif. Il comprend un égaliseur variable, un limiteur ajustable, une boucle d'effets sidechain, une sortie XLR équilibrée et un footswitch dédié, garantissant une grande flexibilité sur scène comme en studio.",1230,48.26,13.65,38.1,14.06,"{'Puissance de sortie': '850 W à 2,6 ohms, 750 W à 4 ohms, 425 W à 8 ohms', 'Réponse en fréquence': '20 Hz - 40 kHz (@ 850 W RMS)', 'Impédance minimale': '2,6 ohms', 'Préampli': 'Tube 12AX7', 'Contrôles': 'Gain, Subwave (suboctave), Overdrive (Drive et Level), EQ 3 bandes avec paramétrique sur le médium, Limiteur variable', 'Entrées': '2 jacks indépendants compatibles active/passive', 'Sorties': ""Sortie préampli, boucle d'effets sidechain, sortie XLR équilibrée, tuner send, switch speaker on/off"", 'Fonctions supplémentaires': 'Pull Turbo sur basses, pull Transparency, blend EFX, indicateur LED de saturation', 'Connectique': 'Pieds de micro custom fournis, alimentation secteur avec fusible 3AG 10A ou 5A selon voltage', 'Dimensions': '48.3 cm x 13.7 cm x 38.1 cm (19"" x 5.38"" x 15"")', 'Poids': '14 kg (31 lbs)'}",https://www.zikinf.com/manuels/swr-750x-manuel-utilisateur-en-29821.pdf,96.09,1
01K095VRFNKP34G5C39DMPDW93,TC ELECTRONIC  - RH750,Tête Basse,RH750,"Ampli basse compact de 750W, le TC Electronic RH750 propose un son polyvalent avec un égaliseur semi-paramétrique 4 bandes, une compression multibande SpectraComp, une émulation de préampli et ampli à lampe TubeTone, ainsi qu’un contrôle TweeterTone pour des aigus précis et modernes. Il intègre un accordeur chromatique toujours actif et permet de conserver jusqu’à 3 presets utilisateurs. Sa conception légère et ses fonctionnalités avancées en font un outil idéal pour la scène et le studio.",1395,27.5,6.6,29.0,2.6,"{'Puissance': '750 W (1200 W en crête)', 'Impédance minimale': '4 Ohms', ""Type d'amplification"": 'Classe D', 'Égalisation': '4 bandes semi-paramétriques (Graves, Bas-Médium, Haut-Médium, Aigus)', 'Plage fréquence Bas-Médium': '100 Hz à 1600 Hz (centre ajustable, défaut 400 Hz)', 'Plage fréquence Haut-Médium': '200 Hz à 3150 Hz (centre ajustable, défaut 800 Hz)', 'Plage fréquence Aigus': '400 Hz à 6300 Hz (centre ajustable, défaut 4000 Hz)', 'Réglage de gain par bande': '-24 dB à +15 dB', 'Compresseur': 'SpectraComp - compression multi-bandes avec contrôle indépendant des basses, médiums et aigus', 'Contrôle TubeTone': 'Émulation des préamplis et amplis à lampes', 'TweeterTone': 'Contrôle du niveau du tweeter en façade pour des aigus modernes et précis', 'Préréglages utilisateurs': '3 presets mémorisables', 'Accordeur': 'Accordeur chromatique intégré, toujours actif, avec référence ajustable de 438 à 445 Hz (par défaut 440 Hz)', 'Connectique': {'Sortie haut-parleur': 'SpeakON/Jack 1/4"" combo', 'Entrée AUX': 'Jack 3,5 mm pour source externe', 'Insert': ""Boucle d'effets ou liaison ampli"", 'DI': 'Sortie DI symétrique transformée', 'Sortie numérique': 'AES/EBU 96 kHz', 'Sortie casque': 'Jack 1/4""', 'Alimentation': '100-240 VAC auto-sense'}}",https://c3.zzounds.com/media/RH750_US-0801c7de20e89fa95554e5c705f0d0c6.pdf,91.62,1
01K095VV3HPDP0QTPYVEZZDVH9,TRACE ELLIOT  - AH1000,Tête Basse,AH1000,"Le Trace Elliot AH1000 est une tête d'amplification basse puissante de 1000 watts (2x500W) équipée d'un égaliseur graphique 12 bandes, d'un préampli valve pour la chaleur et la saturation, ainsi que d'un compresseur double bande. Il offre une grande flexibilité grâce à six fonctions commutables au pied, dont pré-sélection, overdrive, boucle d'effets sophistiquée et mute de sortie, garantissant un contrôle optimal du son pour les musiciens exigeants. Il utilise la technologie MOSFET pour l'étage de puissance, combinée à des étages valve pour le conditionnement du signal, offrant un son riche et dynamique, idéal pour scène et studio.",1800,0,0,0,10.0,"{'Puissance de sortie': '1000 W (2 x 500 W)', ""Type d'amplification"": 'MOSFET avec étages drivers à lampe (valve) en préampli', 'Égaliseur': 'Graphique 12 bandes', 'Compresseur': 'Compresseur à double bande avec réglages séparés pour les hautes et basses fréquences', 'Fonctionnalités footswitchables': ""6 fonctionnalités (pre-shape, valve, égaliseur 12 bandes, compresseur double bande, boucle d'effets sophistiquée, mute de sortie)"", ""Boucle d'effets"": 'Sorties hi-pass, lo-pass, full range; retours gauche/droite/mono; switch série/parallèle; contrôle du niveau de boucle', 'Sorties': 'Sortie DI XLR symétrique pré-égaliseur et post-préampli (gauche et droite), sorties ligne gauche et droite', 'Entrées': '2 (active et passive)', 'Couleur du son': 'Chauffage à lampe avec overdrive possible via fonction valve', 'Poids': '10 kg'}",https://sandmanguitarcentre.com/product/trace-elliot-te-ah1000-12-bass-head-12-band-preamp-2-x-500w-power-stage/,80.0,6
01K095VXRBZJRW4NRSCTWW4NBG,TRACE ELLIOT  - AH350SMX,Tête Basse,AH350SMX,"Le Trace Elliot AH350SMX est une tête d'amplificateur basse hybride à lampes et transistors développant 350 watts sous 4 ohms. Il embarque un préampli GP12 SMX avec égaliseur graphique 12 bandes, une compression dual-bande, des entrées passives/actives commutables ainsi qu'une sortie DI symétrique, offrant un son clair, punchy et une grande flexibilité de réglages pour sculpter le ton. Robustesse et polyvalence studio/scène font sa force.",700,48.0,0,0,0,"{'Puissance': ""350 W à 4 Ω (nominale), jusqu'à 700 W en mode bridge"", 'Préamplification': 'Hybride tube et état solide (GP12 SMX) avec émulateur de tube', 'Égaliseur graphique': '12 bandes avec commande au panneau et footswitch', 'Compression': 'Double-bande (high et low frequency compression)', 'Entrées': 'Jack commutable actif / passif', 'Contrôles de gain': ""Gain d'entrée avec LED pic, contrôle de gain préampli à lampes et à transistors"", 'Pré-formages': 'Deux pré-shapes: 1) +6 dB à 50 Hz et 2 kHz, -6 dB à 400 Hz; 2) +5 dB à 100 Hz, +3 dB à 3 kHz, -5 dB à 650 Hz', 'Sortie DI': 'Balancée XLR, commutable pré / post égaliseur', 'Sortie accordeur': 'Sortie dédiée accordeur', 'Effets': 'Loop send/return', 'Impédance de sortie': 'Supporte des charges entre 2 et 8 Ω'}",https://www.manualslib.com/manual/720153/Trace-Elliot-Ah350smx.html,80.0,6
01K095W0D90WBYM000EKFMHWRF,TRACE ELLIOT  - AH500,Tête Basse,AH500,"Le Trace Elliot AH500 est une tête d’ampli basse puissante de 500W équipée d’un égaliseur graphique 7 bandes pour un réglage précis du son. Il intègre un compresseur auto-ajustable, un pré-shape activable au footswitch et une boucle d’effets en série. Sa sortie DI XLR équilibrée est configurable en pré ou post préampli, et la section de puissance utilise une technologie MOSFET très efficace pour délivrer un son clair et dynamique.",1200,0,0,0,0,"{'Puissance': '500 W sous 4 Ohms', 'Égaliseur graphique': '7 bandes', 'Compresseur': 'Automatique avec temps d’attaque et de relâchement programmés selon le signal', 'Sortie DI': 'Sortie XLR symétrique sélectionnable pré/post préampli', ""Boucle d'effets"": 'En série', 'Mute de sortie': 'Yes, activable par footswitch, coupe la sortie sauf la sortie accordeur', 'Préampli': 'Technologie MOSFET', 'Contrôle Preshape': 'Bouton footswitchable pour forme d’égalisation pré-amplification', 'Connectique': 'Entrée Jack, sorties haut-parleur, sortie casque (selon modèle standard), XLR DI, footswitch', 'Technologie de sortie': 'MOSFET haute efficacité', 'Dimensions (environ)': 'L 48.5 x H 13 x P 34 cm', 'Poids': '15 kg'}",https://www.manualslib.com/manual/1549104/Trace-Elliot-Ah5007.html,80.0,6
01K42SG0SAJ6FDXG41GMGQ6QBJ,ASHDOWN - AL-JJ500,Tête Basse,AL-JJ500,"L'Ashdown AL-JJ500 est une tête d'amplificateur basse signature Jean-Jacques Burnel, offrant une puissance puissante et propre de 575W RMS (900W en crête) pour une dynamique exceptionnelle et une réponse rapide. Elle dispose d'une sortie DI équilibrée, pré/post égalisation réglable, et d'une sortie accordeur avec mute pour plus de flexibilité en live ou en studio. Son design polyvalent combine robustesse et qualité sonore haut de gamme, idéale pour les bassistes exigeants.",460.0,48.0,10.0,38.0,7.0,"{'key': 'Effects Return', 'value': 'Impedance 10k Ohms / Level 0dBu nominal'}",https://d1aeri3ty3izns.cloudfront.net/media/17/170384/download_170384.pdf,94.52,3
01K42SG0ZJ2C12GV8C8J56FD6Q,EDEN - WT-PRO 600,Tête Basse,WTP600 World Tour Pro 600-Watt Bass Head,"L'Eden WTP600 est une tête d'ampli basse hybride compacte de 600 watts en mono, équipée d'un préampli à lampes avec contrôle de mixage tube, d'un compresseur studio réglable, d'un égaliseur semi-paramétrique 5 bandes et de sorties haut-parleur illuminées pour une utilisation flexible en tournée. Elle offre un son puissant, précis et modulable, avec des connectiques complètes pour faciliter la configuration sans matériel externe.",600.0,0,0,0,0,"{'key': 'compresseur studio complet', 'value': 'contrôle du ratio et de l’intensité, indicateur à 3 niveaux'}","https://mirm.ru/upload/iblock/b12/EDEN%20WT-500,%20WT-600,%20WT-800%20(EN",80.0,6
